0.245,0.245,0.245,0.245,0.245,0.245,0.245,0.245,0.245,0.245,0.245,0.245,0.245,0.245,0.245,0.245,0.245,0.245,0.245,0.245,0.245,0.245,0.245,0.245,0.245,0.245,0.245,0.245,0.245,0.245,0.245,0.245,0.245,0.245,0.245,0.245,0.245,0.245,0.245,0.245,0.245,0.245,0.245,0.245,0.245,0.245,0.245,0.245,0.245,0.245,0.245,0.245,0.245,0.245,0.245,0.245,0.245,0.245,0.245,0.245,0.245,0.245,0.245,0.245,0.245,0.245,0.245,0.245,0.245,0.245,0.245,0.245,0.245,0.245,0.245,0.245,0.245,0.245,0.245,0.245,0.245,0.245,0.245,0.245,0.245,0.245,0.245,0.245,0.245,0.245,0.245,0.245,0.245,0.245,0.245,0.245,0.245,0.245,0.245,0.245,0.245
0.25255,0.25255,0.25255,0.25255,0.25255,0.25255,0.25255,0.25255,0.25255,0.25255,0.25255,0.25255,0.25255,0.25255,0.25255,0.25255,0.25255,0.25255,0.25255,0.25255,0.25255,0.25255,0.25255,0.25255,0.25255,0.25255,0.25255,0.25255,0.25255,0.25255,0.25255,0.25255,0.25255,0.25255,0.25255,0.25255,0.25255,0.25255,0.25255,0.25255,0.25255,0.25255,0.25255,0.25255,0.25255,0.25255,0.25255,0.25255,0.25255,0.25255,0.25255,0.25255,0.25255,0.25255,0.25255,0.25255,0.25255,0.25255,0.25255,0.25255,0.25255,0.25255,0.25255,0.25255,0.25255,0.25255,0.25255,0.25255,0.25255,0.25255,0.25255,0.25255,0.25255,0.25255,0.25255,0.25255,0.25255,0.25255,0.25255,0.25255,0.25255,0.25255,0.25255,0.25255,0.25255,0.25255,0.25255,0.25255,0.25255,0.25255,0.25255,0.25255,0.25255,0.25255,0.25255,0.25255,0.25255,0.25255,0.25255,0.25255,0.25255
0.2601,0.2601,0.2601,0.2601,0.2601,0.2601,0.2601,0.2601,0.2601,0.2601,0.2601,0.2601,0.2601,0.2601,0.2601,0.2601,0.2601,0.2601,0.2601,0.2601,0.2601,0.2601,0.2601,0.2601,0.2601,0.2601,0.2601,0.2601,0.2601,0.2601,0.2601,0.2601,0.2601,0.2601,0.2601,0.2601,0.2601,0.2601,0.2601,0.2601,0.2601,0.2601,0.2601,0.2601,0.2601,0.2601,0.2601,0.2601,0.2601,0.2601,0.2601,0.2601,0.2601,0.2601,0.2601,0.2601,0.2601,0.2601,0.2601,0.2601,0.2601,0.2601,0.2601,0.2601,0.2601,0.2601,0.2601,0.2601,0.2601,0.2601,0.2601,0.2601,0.2601,0.2601,0.2601,0.2601,0.2601,0.2601,0.2601,0.2601,0.2601,0.2601,0.2601,0.2601,0.2601,0.2601,0.2601,0.2601,0.2601,0.2601,0.2601,0.2601,0.2601,0.2601,0.2601,0.2601,0.2601,0.2601,0.2601,0.2601,0.2601
0.26765,0.26765,0.26765,0.26765,0.26765,0.26765,0.26765,0.26765,0.26765,0.26765,0.26765,0.26765,0.26765,0.26765,0.26765,0.26765,0.26765,0.26765,0.26765,0.26765,0.26765,0.26765,0.26765,0.26765,0.26765,0.26765,0.26765,0.26765,0.26765,0.26765,0.26765,0.26765,0.26765,0.26765,0.26765,0.26765,0.26765,0.26765,0.26765,0.26765,0.26765,0.26765,0.26765,0.26765,0.26765,0.26765,0.26765,0.26765,0.26765,0.26765,0.26765,0.26765,0.26765,0.26765,0.26765,0.26765,0.26765,0.26765,0.26765,0.26765,0.26765,0.26765,0.26765,0.26765,0.26765,0.26765,0.26765,0.26765,0.26765,0.26765,0.26765,0.26765,0.26765,0.26765,0.26765,0.26765,0.26765,0.26765,0.26765,0.26765,0.26765,0.26765,0.26765,0.26765,0.26765,0.26765,0.26765,0.26765,0.26765,0.26765,0.26765,0.26765,0.26765,0.26765,0.26765,0.26765,0.26765,0.26765,0.26765,0.26765,0.26765
0.2752,0.2752,0.2752,0.2752,0.2752,0.2752,0.2752,0.2752,0.2752,0.2752,0.2752,0.2752,0.2752,0.2752,0.2752,0.2752,0.2752,0.2752,0.2752,0.2752,0.2752,0.2752,0.2752,0.2752,0.2752,0.2752,0.2752,0.2752,0.2752,0.2752,0.2752,0.2752,0.2752,0.2752,0.2752,0.2752,0.2752,0.2752,0.2752,0.2752,0.2752,0.2752,0.2752,0.2752,0.2752,0.2752,0.2752,0.2752,0.2752,0.2752,0.2752,0.2752,0.2752,0.2752,0.2752,0.2752,0.2752,0.2752,0.2752,0.2752,0.2752,0.2752,0.2752,0.2752,0.2752,0.2752,0.2752,0.2752,0.2752,0.2752,0.2752,0.2752,0.2752,0.2752,0.2752,0.2752,0.2752,0.2752,0.2752,0.2752,0.2752,0.2752,0.2752,0.2752,0.2752,0.2752,0.2752,0.2752,0.2752,0.2752,0.2752,0.2752,0.2752,0.2752,0.2752,0.2752,0.2752,0.2752,0.2752,0.2752,0.2752
0.28275,0.28275,0.28275,0.28275,0.28275,0.28275,0.28275,0.28275,0.28275,0.28275,0.28275,0.28275,0.28275,0.28275,0.28275,0.28275,0.28275,0.28275,0.28275,0.28275,0.28275,0.28275,0.28275,0.28275,0.28275,0.28275,0.28275,0.28275,0.28275,0.28275,0.28275,0.28275,0.28275,0.28275,0.28275,0.28275,0.28275,0.28275,0.28275,0.28275,0.28275,0.28275,0.28275,0.28275,0.28275,0.28275,0.28275,0.28275,0.28275,0.28275,0.28275,0.28275,0.28275,0.28275,0.28275,0.28275,0.28275,0.28275,0.28275,0.28275,0.28275,0.28275,0.28275,0.28275,0.28275,0.28275,0.28275,0.28275,0.28275,0.28275,0.28275,0.28275,0.28275,0.28275,0.28275,0.28275,0.28275,0.28275,0.28275,0.28275,0.28275,0.28275,0.28275,0.28275,0.28275,0.28275,0.28275,0.28275,0.28275,0.28275,0.28275,0.28275,0.28275,0.28275,0.28275,0.28275,0.28275,0.28275,0.28275,0.28275,0.28275
0.2903,0.2903,0.2903,0.2903,0.2903,0.2903,0.2903,0.2903,0.2903,0.2903,0.2903,0.2903,0.2903,0.2903,0.2903,0.2903,0.2903,0.2903,0.2903,0.2903,0.2903,0.2903,0.2903,0.2903,0.2903,0.2903,0.2903,0.2903,0.2903,0.2903,0.2903,0.2903,0.2903,0.2903,0.2903,0.2903,0.2903,0.2903,0.2903,0.2903,0.2903,0.2903,0.2903,0.2903,0.2903,0.2903,0.2903,0.2903,0.2903,0.2903,0.2903,0.2903,0.2903,0.2903,0.2903,0.2903,0.2903,0.2903,0.2903,0.2903,0.2903,0.2903,0.2903,0.2903,0.2903,0.2903,0.2903,0.2903,0.2903,0.2903,0.2903,0.2903,0.2903,0.2903,0.2903,0.2903,0.2903,0.2903,0.2903,0.2903,0.2903,0.2903,0.2903,0.2903,0.2903,0.2903,0.2903,0.2903,0.2903,0.2903,0.2903,0.2903,0.2903,0.2903,0.2903,0.2903,0.2903,0.2903,0.2903,0.2903,0.2903
0.29785,0.29785,0.29785,0.29785,0.29785,0.29785,0.29785,0.29785,0.29785,0.29785,0.29785,0.29785,0.29785,0.29785,0.29785,0.29785,0.29785,0.29785,0.29785,0.29785,0.29785,0.29785,0.29785,0.29785,0.29785,0.29785,0.29785,0.29785,0.29785,0.29785,0.29785,0.29785,0.29785,0.29785,0.29785,0.29785,0.29785,0.29785,0.29785,0.29785,0.29785,0.29785,0.29785,0.29785,0.29785,0.29785,0.29785,0.29785,0.29785,0.29785,0.29785,0.29785,0.29785,0.29785,0.29785,0.29785,0.29785,0.29785,0.29785,0.29785,0.29785,0.29785,0.29785,0.29785,0.29785,0.29785,0.29785,0.29785,0.29785,0.29785,0.29785,0.29785,0.29785,0.29785,0.29785,0.29785,0.29785,0.29785,0.29785,0.29785,0.29785,0.29785,0.29785,0.29785,0.29785,0.29785,0.29785,0.29785,0.29785,0.29785,0.29785,0.29785,0.29785,0.29785,0.29785,0.29785,0.29785,0.29785,0.29785,0.29785,0.29785
0.3054,0.3054,0.3054,0.3054,0.3054,0.3054,0.3054,0.3054,0.3054,0.3054,0.3054,0.3054,0.3054,0.3054,0.3054,0.3054,0.3054,0.3054,0.3054,0.3054,0.3054,0.3054,0.3054,0.3054,0.3054,0.3054,0.3054,0.3054,0.3054,0.3054,0.3054,0.3054,0.3054,0.3054,0.3054,0.3054,0.3054,0.3054,0.3054,0.3054,0.3054,0.3054,0.3054,0.3054,0.3054,0.3054,0.3054,0.3054,0.3054,0.3054,0.3054,0.3054,0.3054,0.3054,0.3054,0.3054,0.3054,0.3054,0.3054,0.3054,0.3054,0.3054,0.3054,0.3054,0.3054,0.3054,0.3054,0.3054,0.3054,0.3054,0.3054,0.3054,0.3054,0.3054,0.3054,0.3054,0.3054,0.3054,0.3054,0.3054,0.3054,0.3054,0.3054,0.3054,0.3054,0.3054,0.3054,0.3054,0.3054,0.3054,0.3054,0.3054,0.3054,0.3054,0.3054,0.3054,0.3054,0.3054,0.3054,0.3054,0.3054
0.31295,0.31295,0.31295,0.31295,0.31295,0.31295,0.31295,0.31295,0.31295,0.31295,0.31295,0.31295,0.31295,0.31295,0.31295,0.31295,0.31295,0.31295,0.31295,0.31295,0.31295,0.31295,0.31295,0.31295,0.31295,0.31295,0.31295,0.31295,0.31295,0.31295,0.31295,0.31295,0.31295,0.31295,0.31295,0.31295,0.31295,0.31295,0.31295,0.31295,0.31295,0.31295,0.31295,0.31295,0.31295,0.31295,0.31295,0.31295,0.31295,0.31295,0.31295,0.31295,0.31295,0.31295,0.31295,0.31295,0.31295,0.31295,0.31295,0.31295,0.31295,0.31295,0.31295,0.31295,0.31295,0.31295,0.31295,0.31295,0.31295,0.31295,0.31295,0.31295,0.31295,0.31295,0.31295,0.31295,0.31295,0.31295,0.31295,0.31295,0.31295,0.31295,0.31295,0.31295,0.31295,0.31295,0.31295,0.31295,0.31295,0.31295,0.31295,0.31295,0.31295,0.31295,0.31295,0.31295,0.31295,0.31295,0.31295,0.31295,0.31295
0.3205,0.3205,0.3205,0.3205,0.3205,0.3205,0.3205,0.3205,0.3205,0.3205,0.3205,0.3205,0.3205,0.3205,0.3205,0.3205,0.3205,0.3205,0.3205,0.3205,0.3205,0.3205,0.3205,0.3205,0.3205,0.3205,0.3205,0.3205,0.3205,0.3205,0.3205,0.3205,0.3205,0.3205,0.3205,0.3205,0.3205,0.3205,0.3205,0.3205,0.3205,0.3205,0.3205,0.3205,0.3205,0.3205,0.3205,0.3205,0.3205,0.3205,0.3205,0.3205,0.3205,0.3205,0.3205,0.3205,0.3205,0.3205,0.3205,0.3205,0.3205,0.3205,0.3205,0.3205,0.3205,0.3205,0.3205,0.3205,0.3205,0.3205,0.3205,0.3205,0.3205,0.3205,0.3205,0.3205,0.3205,0.3205,0.3205,0.3205,0.3205,0.3205,0.3205,0.3205,0.3205,0.3205,0.3205,0.3205,0.3205,0.3205,0.3205,0.3205,0.3205,0.3205,0.3205,0.3205,0.3205,0.3205,0.3205,0.3205,0.3205
0.32805,0.32805,0.32805,0.32805,0.32805,0.32805,0.32805,0.32805,0.32805,0.32805,0.32805,0.32805,0.32805,0.32805,0.32805,0.32805,0.32805,0.32805,0.32805,0.32805,0.32805,0.32805,0.32805,0.32805,0.32805,0.32805,0.32805,0.32805,0.32805,0.32805,0.32805,0.32805,0.32805,0.32805,0.32805,0.32805,0.32805,0.32805,0.32805,0.32805,0.32805,0.32805,0.32805,0.32805,0.32805,0.32805,0.32805,0.32805,0.32805,0.32805,0.32805,0.32805,0.32805,0.32805,0.32805,0.32805,0.32805,0.32805,0.32805,0.32805,0.32805,0.32805,0.32805,0.32805,0.32805,0.32805,0.32805,0.32805,0.32805,0.32805,0.32805,0.32805,0.32805,0.32805,0.32805,0.32805,0.32805,0.32805,0.32805,0.32805,0.32805,0.32805,0.32805,0.32805,0.32805,0.32805,0.32805,0.32805,0.32805,0.32805,0.32805,0.32805,0.32805,0.32805,0.32805,0.32805,0.32805,0.32805,0.32805,0.32805,0.32805
0.3356,0.3356,0.3356,0.3356,0.3356,0.3356,0.3356,0.3356,0.3356,0.3356,0.3356,0.3356,0.3356,0.3356,0.3356,0.3356,0.3356,0.3356,0.3356,0.3356,0.3356,0.3356,0.3356,0.3356,0.3356,0.3356,0.3356,0.3356,0.3356,0.3356,0.3356,0.3356,0.3356,0.3356,0.3356,0.3356,0.3356,0.3356,0.3356,0.3356,0.3356,0.3356,0.3356,0.3356,0.3356,0.3356,0.3356,0.3356,0.3356,0.3356,0.3356,0.3356,0.3356,0.3356,0.3356,0.3356,0.3356,0.3356,0.3356,0.3356,0.3356,0.3356,0.3356,0.3356,0.3356,0.3356,0.3356,0.3356,0.3356,0.3356,0.3356,0.3356,0.3356,0.3356,0.3356,0.3356,0.3356,0.3356,0.3356,0.3356,0.3356,0.3356,0.3356,0.3356,0.3356,0.3356,0.3356,0.3356,0.3356,0.3356,0.3356,0.3356,0.3356,0.3356,0.3356,0.3356,0.3356,0.3356,0.3356,0.3356,0.3356
0.34315,0.34315,0.34315,0.34315,0.34315,0.34315,0.34315,0.34315,0.34315,0.34315,0.34315,0.34315,0.34315,0.34315,0.34315,0.34315,0.34315,0.34315,0.34315,0.34315,0.34315,0.34315,0.34315,0.34315,0.34315,0.34315,0.34315,0.34315,0.34315,0.34315,0.34315,0.34315,0.34315,0.34315,0.34315,0.34315,0.34315,0.34315,0.34315,0.34315,0.34315,0.34315,0.34315,0.34315,0.34315,0.34315,0.34315,0.34315,0.34315,0.34315,0.34315,0.34315,0.34315,0.34315,0.34315,0.34315,0.34315,0.34315,0.34315,0.34315,0.34315,0.34315,0.34315,0.34315,0.34315,0.34315,0.34315,0.34315,0.34315,0.34315,0.34315,0.34315,0.34315,0.34315,0.34315,0.34315,0.34315,0.34315,0.34315,0.34315,0.34315,0.34315,0.34315,0.34315,0.34315,0.34315,0.34315,0.34315,0.34315,0.34315,0.34315,0.34315,0.34315,0.34315,0.34315,0.34315,0.34315,0.34315,0.34315,0.34315,0.34315
0.3507,0.3507,0.3507,0.3507,0.3507,0.3507,0.3507,0.3507,0.3507,0.3507,0.3507,0.3507,0.3507,0.3507,0.3507,0.3507,0.3507,0.3507,0.3507,0.3507,0.3507,0.3507,0.3507,0.3507,0.3507,0.3507,0.3507,0.3507,0.3507,0.3507,0.3507,0.3507,0.3507,0.3507,0.3507,0.3507,0.3507,0.3507,0.3507,0.3507,0.3507,0.3507,0.3507,0.3507,0.3507,0.3507,0.3507,0.3507,0.3507,0.3507,0.3507,0.3507,0.3507,0.3507,0.3507,0.3507,0.3507,0.3507,0.3507,0.3507,0.3507,0.3507,0.3507,0.3507,0.3507,0.3507,0.3507,0.3507,0.3507,0.3507,0.3507,0.3507,0.3507,0.3507,0.3507,0.3507,0.3507,0.3507,0.3507,0.3507,0.3507,0.3507,0.3507,0.3507,0.3507,0.3507,0.3507,0.3507,0.3507,0.3507,0.3507,0.3507,0.3507,0.3507,0.3507,0.3507,0.3507,0.3507,0.3507,0.3507,0.3507
0.35825,0.35825,0.35825,0.35825,0.35825,0.35825,0.35825,0.35825,0.35825,0.35825,0.35825,0.35825,0.35825,0.35825,0.35825,0.35825,0.35825,0.35825,0.35825,0.35825,0.35825,0.35825,0.35825,0.35825,0.35825,0.35825,0.35825,0.35825,0.35825,0.35825,0.35825,0.35825,0.35825,0.35825,0.35825,0.35825,0.35825,0.35825,0.35825,0.35825,0.35825,0.35825,0.35825,0.35825,0.35825,0.35825,0.35825,0.35825,0.35825,0.35825,0.35825,0.35825,0.35825,0.35825,0.35825,0.35825,0.35825,0.35825,0.35825,0.35825,0.35825,0.35825,0.35825,0.35825,0.35825,0.35825,0.35825,0.35825,0.35825,0.35825,0.35825,0.35825,0.35825,0.35825,0.35825,0.35825,0.35825,0.35825,0.35825,0.35825,0.35825,0.35825,0.35825,0.35825,0.35825,0.35825,0.35825,0.35825,0.35825,0.35825,0.35825,0.35825,0.35825,0.35825,0.35825,0.35825,0.35825,0.35825,0.35825,0.35825,0.35825
0.3658,0.3658,0.3658,0.3658,0.3658,0.3658,0.3658,0.3658,0.3658,0.3658,0.3658,0.3658,0.3658,0.3658,0.3658,0.3658,0.3658,0.3658,0.3658,0.3658,0.3658,0.3658,0.3658,0.3658,0.3658,0.3658,0.3658,0.3658,0.3658,0.3658,0.3658,0.3658,0.3658,0.3658,0.3658,0.3658,0.3658,0.3658,0.3658,0.3658,0.3658,0.3658,0.3658,0.3658,0.3658,0.3658,0.3658,0.3658,0.3658,0.3658,0.3658,0.3658,0.3658,0.3658,0.3658,0.3658,0.3658,0.3658,0.3658,0.3658,0.3658,0.3658,0.3658,0.3658,0.3658,0.3658,0.3658,0.3658,0.3658,0.3658,0.3658,0.3658,0.3658,0.3658,0.3658,0.3658,0.3658,0.3658,0.3658,0.3658,0.3658,0.3658,0.3658,0.3658,0.3658,0.3658,0.3658,0.3658,0.3658,0.3658,0.3658,0.3658,0.3658,0.3658,0.3658,0.3658,0.3658,0.3658,0.3658,0.3658,0.3658
0.37335,0.37335,0.37335,0.37335,0.37335,0.37335,0.37335,0.37335,0.37335,0.37335,0.37335,0.37335,0.37335,0.37335,0.37335,0.37335,0.37335,0.37335,0.37335,0.37335,0.37335,0.37335,0.37335,0.37335,0.37335,0.37335,0.37335,0.37335,0.37335,0.37335,0.37335,0.37335,0.37335,0.37335,0.37335,0.37335,0.37335,0.37335,0.37335,0.37335,0.37335,0.37335,0.37335,0.37335,0.37335,0.37335,0.37335,0.37335,0.37335,0.37335,0.37335,0.37335,0.37335,0.37335,0.37335,0.37335,0.37335,0.37335,0.37335,0.37335,0.37335,0.37335,0.37335,0.37335,0.37335,0.37335,0.37335,0.37335,0.37335,0.37335,0.37335,0.37335,0.37335,0.37335,0.37335,0.37335,0.37335,0.37335,0.37335,0.37335,0.37335,0.37335,0.37335,0.37335,0.37335,0.37335,0.37335,0.37335,0.37335,0.37335,0.37335,0.37335,0.37335,0.37335,0.37335,0.37335,0.37335,0.37335,0.37335,0.37335,0.37335
0.3809,0.3809,0.3809,0.3809,0.3809,0.3809,0.3809,0.3809,0.3809,0.3809,0.3809,0.3809,0.3809,0.3809,0.3809,0.3809,0.3809,0.3809,0.3809,0.3809,0.3809,0.3809,0.3809,0.3809,0.3809,0.3809,0.3809,0.3809,0.3809,0.3809,0.3809,0.3809,0.3809,0.3809,0.3809,0.3809,0.3809,0.3809,0.3809,0.3809,0.3809,0.3809,0.3809,0.3809,0.3809,0.3809,0.3809,0.3809,0.3809,0.3809,0.3809,0.3809,0.3809,0.3809,0.3809,0.3809,0.3809,0.3809,0.3809,0.3809,0.3809,0.3809,0.3809,0.3809,0.3809,0.3809,0.3809,0.3809,0.3809,0.3809,0.3809,0.3809,0.3809,0.3809,0.3809,0.3809,0.3809,0.3809,0.3809,0.3809,0.3809,0.3809,0.3809,0.3809,0.3809,0.3809,0.3809,0.3809,0.3809,0.3809,0.3809,0.3809,0.3809,0.3809,0.3809,0.3809,0.3809,0.3809,0.3809,0.3809,0.3809
0.38845,0.38845,0.38845,0.38845,0.38845,0.38845,0.38845,0.38845,0.38845,0.38845,0.38845,0.38845,0.38845,0.38845,0.38845,0.38845,0.38845,0.38845,0.38845,0.38845,0.38845,0.38845,0.38845,0.38845,0.38845,0.38845,0.38845,0.38845,0.38845,0.38845,0.38845,0.38845,0.38845,0.38845,0.38845,0.38845,0.38845,0.38845,0.38845,0.38845,0.38845,0.38845,0.38845,0.38845,0.38845,0.38845,0.38845,0.38845,0.38845,0.38845,0.38845,0.38845,0.38845,0.38845,0.38845,0.38845,0.38845,0.38845,0.38845,0.38845,0.38845,0.38845,0.38845,0.38845,0.38845,0.38845,0.38845,0.38845,0.38845,0.38845,0.38845,0.38845,0.38845,0.38845,0.38845,0.38845,0.38845,0.38845,0.38845,0.38845,0.38845,0.38845,0.38845,0.38845,0.38845,0.38845,0.38845,0.38845,0.38845,0.38845,0.38845,0.38845,0.38845,0.38845,0.38845,0.38845,0.38845,0.38845,0.38845,0.38845,0.38845
0.396,0.396,0.396,0.396,0.396,0.396,0.396,0.396,0.396,0.396,0.396,0.396,0.396,0.396,0.396,0.396,0.396,0.396,0.396,0.396,0.396,0.396,0.396,0.396,0.396,0.396,0.396,0.396,0.396,0.396,0.396,0.396,0.396,0.396,0.396,0.396,0.396,0.396,0.396,0.396,0.396,0.396,0.396,0.396,0.396,0.396,0.396,0.396,0.396,0.396,0.396,0.396,0.396,0.396,0.396,0.396,0.396,0.396,0.396,0.396,0.396,0.396,0.396,0.396,0.396,0.396,0.396,0.396,0.396,0.396,0.396,0.396,0.396,0.396,0.396,0.396,0.396,0.396,0.396,0.396,0.396,0.396,0.396,0.396,0.396,0.396,0.396,0.396,0.396,0.396,0.396,0.396,0.396,0.396,0.396,0.396,0.396,0.396,0.396,0.396,0.396
0.40355,0.40355,0.40355,0.40355,0.40355,0.40355,0.40355,0.40355,0.40355,0.40355,0.40355,0.40355,0.40355,0.40355,0.40355,0.40355,0.40355,0.40355,0.40355,0.40355,0.40355,0.40355,0.40355,0.40355,0.40355,0.40355,0.40355,0.40355,0.40355,0.40355,0.40355,0.40355,0.40355,0.40355,0.40355,0.40355,0.40355,0.40355,0.40355,0.40355,0.40355,0.40355,0.40355,0.40355,0.40355,0.40355,0.40355,0.40355,0.40355,0.40355,0.40355,0.40355,0.40355,0.40355,0.40355,0.40355,0.40355,0.40355,0.40355,0.40355,0.40355,0.40355,0.40355,0.40355,0.40355,0.40355,0.40355,0.40355,0.40355,0.40355,0.40355,0.40355,0.40355,0.40355,0.40355,0.40355,0.40355,0.40355,0.40355,0.40355,0.40355,0.40355,0.40355,0.40355,0.40355,0.40355,0.40355,0.40355,0.40355,0.40355,0.40355,0.40355,0.40355,0.40355,0.40355,0.40355,0.40355,0.40355,0.40355,0.40355,0.40355
0.4111,0.4111,0.4111,0.4111,0.4111,0.4111,0.4111,0.4111,0.4111,0.4111,0.4111,0.4111,0.4111,0.4111,0.4111,0.4111,0.4111,0.4111,0.4111,0.4111,0.4111,0.4111,0.4111,0.4111,0.4111,0.4111,0.4111,0.4111,0.4111,0.4111,0.4111,0.4111,0.4111,0.4111,0.4111,0.4111,0.4111,0.4111,0.4111,0.4111,0.4111,0.4111,0.4111,0.4111,0.4111,0.4111,0.4111,0.4111,0.4111,0.4111,0.4111,0.4111,0.4111,0.4111,0.4111,0.4111,0.4111,0.4111,0.4111,0.4111,0.4111,0.4111,0.4111,0.4111,0.4111,0.4111,0.4111,0.4111,0.4111,0.4111,0.4111,0.4111,0.4111,0.4111,0.4111,0.4111,0.4111,0.4111,0.4111,0.4111,0.4111,0.4111,0.4111,0.4111,0.4111,0.4111,0.4111,0.4111,0.4111,0.4111,0.4111,0.4111,0.4111,0.4111,0.4111,0.4111,0.4111,0.4111,0.4111,0.4111,0.4111
0.41865,0.41865,0.41865,0.41865,0.41865,0.41865,0.41865,0.41865,0.41865,0.41865,0.41865,0.41865,0.41865,0.41865,0.41865,0.41865,0.41865,0.41865,0.41865,0.41865,0.41865,0.41865,0.41865,0.41865,0.41865,0.41865,0.41865,0.41865,0.41865,0.41865,0.41865,0.41865,0.41865,0.41865,0.41865,0.41865,0.41865,0.41865,0.41865,0.41865,0.41865,0.41865,0.41865,0.41865,0.41865,0.41865,0.41865,0.41865,0.41865,0.41865,0.41865,0.41865,0.41865,0.41865,0.41865,0.41865,0.41865,0.41865,0.41865,0.41865,0.41865,0.41865,0.41865,0.41865,0.41865,0.41865,0.41865,0.41865,0.41865,0.41865,0.41865,0.41865,0.41865,0.41865,0.41865,0.41865,0.41865,0.41865,0.41865,0.41865,0.41865,0.41865,0.41865,0.41865,0.41865,0.41865,0.41865,0.41865,0.41865,0.41865,0.41865,0.41865,0.41865,0.41865,0.41865,0.41865,0.41865,0.41865,0.41865,0.41865,0.41865
0.4262,0.4262,0.4262,0.4262,0.4262,0.4262,0.4262,0.4262,0.4262,0.4262,0.4262,0.4262,0.4262,0.4262,0.4262,0.4262,0.4262,0.4262,0.4262,0.4262,0.4262,0.4262,0.4262,0.4262,0.4262,0.4262,0.4262,0.4262,0.4262,0.4262,0.4262,0.4262,0.4262,0.4262,0.4262,0.4262,0.4262,0.4262,0.4262,0.4262,0.4262,0.4262,0.4262,0.4262,0.4262,0.4262,0.4262,0.4262,0.4262,0.4262,0.4262,0.4262,0.4262,0.4262,0.4262,0.4262,0.4262,0.4262,0.4262,0.4262,0.4262,0.4262,0.4262,0.4262,0.4262,0.4262,0.4262,0.4262,0.4262,0.4262,0.4262,0.4262,0.4262,0.4262,0.4262,0.4262,0.4262,0.4262,0.4262,0.4262,0.4262,0.4262,0.4262,0.4262,0.4262,0.4262,0.4262,0.4262,0.4262,0.4262,0.4262,0.4262,0.4262,0.4262,0.4262,0.4262,0.4262,0.4262,0.4262,0.4262,0.4262
0.43375,0.43375,0.43375,0.43375,0.43375,0.43375,0.43375,0.43375,0.43375,0.43375,0.43375,0.43375,0.43375,0.43375,0.43375,0.43375,0.43375,0.43375,0.43375,0.43375,0.43375,0.43375,0.43375,0.43375,0.43375,0.43375,0.43375,0.43375,0.43375,0.43375,0.43375,0.43375,0.43375,0.43375,0.43375,0.43375,0.43375,0.43375,0.43375,0.43375,0.43375,0.43375,0.43375,0.43375,0.43375,0.43375,0.43375,0.43375,0.43375,0.43375,0.43375,0.43375,0.43375,0.43375,0.43375,0.43375,0.43375,0.43375,0.43375,0.43375,0.43375,0.43375,0.43375,0.43375,0.43375,0.43375,0.43375,0.43375,0.43375,0.43375,0.43375,0.43375,0.43375,0.43375,0.43375,0.43375,0.43375,0.43375,0.43375,0.43375,0.43375,0.43375,0.43375,0.43375,0.43375,0.43375,0.43375,0.43375,0.43375,0.43375,0.43375,0.43375,0.43375,0.43375,0.43375,0.43375,0.43375,0.43375,0.43375,0.43375,0.43375
0.4413,0.4413,0.4413,0.4413,0.4413,0.4413,0.4413,0.4413,0.4413,0.4413,0.4413,0.4413,0.4413,0.4413,0.4413,0.4413,0.4413,0.4413,0.4413,0.4413,0.4413,0.4413,0.4413,0.4413,0.4413,0.4413,0.4413,0.4413,0.4413,0.4413,0.4413,0.4413,0.4413,0.4413,0.4413,0.4413,0.4413,0.4413,0.4413,0.4413,0.4413,0.4413,0.4413,0.4413,0.4413,0.4413,0.4413,0.4413,0.4413,0.4413,0.4413,0.4413,0.4413,0.4413,0.4413,0.4413,0.4413,0.4413,0.4413,0.4413,0.4413,0.4413,0.4413,0.4413,0.4413,0.4413,0.4413,0.4413,0.4413,0.4413,0.4413,0.4413,0.4413,0.4413,0.4413,0.4413,0.4413,0.4413,0.4413,0.4413,0.4413,0.4413,0.4413,0.4413,0.4413,0.4413,0.4413,0.4413,0.4413,0.4413,0.4413,0.4413,0.4413,0.4413,0.4413,0.4413,0.4413,0.4413,0.4413,0.4413,0.4413
0.44885,0.44885,0.44885,0.44885,0.44885,0.44885,0.44885,0.44885,0.44885,0.44885,0.44885,0.44885,0.44885,0.44885,0.44885,0.44885,0.44885,0.44885,0.44885,0.44885,0.44885,0.44885,0.44885,0.44885,0.44885,0.44885,0.44885,0.44885,0.44885,0.44885,0.44885,0.44885,0.44885,0.44885,0.44885,0.44885,0.44885,0.44885,0.44885,0.44885,0.44885,0.44885,0.44885,0.44885,0.44885,0.44885,0.44885,0.44885,0.44885,0.44885,0.44885,0.44885,0.44885,0.44885,0.44885,0.44885,0.44885,0.44885,0.44885,0.44885,0.44885,0.44885,0.44885,0.44885,0.44885,0.44885,0.44885,0.44885,0.44885,0.44885,0.44885,0.44885,0.44885,0.44885,0.44885,0.44885,0.44885,0.44885,0.44885,0.44885,0.44885,0.44885,0.44885,0.44885,0.44885,0.44885,0.44885,0.44885,0.44885,0.44885,0.44885,0.44885,0.44885,0.44885,0.44885,0.44885,0.44885,0.44885,0.44885,0.44885,0.44885
0.4564,0.4564,0.4564,0.4564,0.4564,0.4564,0.4564,0.4564,0.4564,0.4564,0.4564,0.4564,0.4564,0.4564,0.4564,0.4564,0.4564,0.4564,0.4564,0.4564,0.4564,0.4564,0.4564,0.4564,0.4564,0.4564,0.4564,0.4564,0.4564,0.4564,0.4564,0.4564,0.4564,0.4564,0.4564,0.4564,0.4564,0.4564,0.4564,0.4564,0.4564,0.4564,0.4564,0.4564,0.4564,0.4564,0.4564,0.4564,0.4564,0.4564,0.4564,0.4564,0.4564,0.4564,0.4564,0.4564,0.4564,0.4564,0.4564,0.4564,0.4564,0.4564,0.4564,0.4564,0.4564,0.4564,0.4564,0.4564,0.4564,0.4564,0.4564,0.4564,0.4564,0.4564,0.4564,0.4564,0.4564,0.4564,0.4564,0.4564,0.4564,0.4564,0.4564,0.4564,0.4564,0.4564,0.4564,0.4564,0.4564,0.4564,0.4564,0.4564,0.4564,0.4564,0.4564,0.4564,0.4564,0.4564,0.4564,0.4564,0.4564
0.46395,0.46395,0.46395,0.46395,0.46395,0.46395,0.46395,0.46395,0.46395,0.46395,0.46395,0.46395,0.46395,0.46395,0.46395,0.46395,0.46395,0.46395,0.46395,0.46395,0.46395,0.46395,0.46395,0.46395,0.46395,0.46395,0.46395,0.46395,0.46395,0.46395,0.46395,0.46395,0.46395,0.46395,0.46395,0.46395,0.46395,0.46395,0.46395,0.46395,0.46395,0.46395,0.46395,0.46395,0.46395,0.46395,0.46395,0.46395,0.46395,0.46395,0.46395,0.46395,0.46395,0.46395,0.46395,0.46395,0.46395,0.46395,0.46395,0.46395,0.46395,0.46395,0.46395,0.46395,0.46395,0.46395,0.46395,0.46395,0.46395,0.46395,0.46395,0.46395,0.46395,0.46395,0.46395,0.46395,0.46395,0.46395,0.46395,0.46395,0.46395,0.46395,0.46395,0.46395,0.46395,0.46395,0.46395,0.46395,0.46395,0.46395,0.46395,0.46395,0.46395,0.46395,0.46395,0.46395,0.46395,0.46395,0.46395,0.46395,0.46395
0.4715,0.4715,0.4715,0.4715,0.4715,0.4715,0.4715,0.4715,0.4715,0.4715,0.4715,0.4715,0.4715,0.4715,0.4715,0.4715,0.4715,0.4715,0.4715,0.4715,0.4715,0.4715,0.4715,0.4715,0.4715,0.4715,0.4715,0.4715,0.4715,0.4715,0.4715,0.4715,0.4715,0.4715,0.4715,0.4715,0.4715,0.4715,0.4715,0.4715,0.4715,0.4715,0.4715,0.4715,0.4715,0.4715,0.4715,0.4715,0.4715,0.4715,0.4715,0.4715,0.4715,0.4715,0.4715,0.4715,0.4715,0.4715,0.4715,0.4715,0.4715,0.4715,0.4715,0.4715,0.4715,0.4715,0.4715,0.4715,0.4715,0.4715,0.4715,0.4715,0.4715,0.4715,0.4715,0.4715,0.4715,0.4715,0.4715,0.4715,0.4715,0.4715,0.4715,0.4715,0.4715,0.4715,0.4715,0.4715,0.4715,0.4715,0.4715,0.4715,0.4715,0.4715,0.4715,0.4715,0.4715,0.4715,0.4715,0.4715,0.4715
0.47905,0.47905,0.47905,0.47905,0.47905,0.47905,0.47905,0.47905,0.47905,0.47905,0.47905,0.47905,0.47905,0.47905,0.47905,0.47905,0.47905,0.47905,0.47905,0.47905,0.47905,0.47905,0.47905,0.47905,0.47905,0.47905,0.47905,0.47905,0.47905,0.47905,0.47905,0.47905,0.47905,0.47905,0.47905,0.47905,0.47905,0.47905,0.47905,0.47905,0.47905,0.47905,0.47905,0.47905,0.47905,0.47905,0.47905,0.47905,0.47905,0.47905,0.47905,0.47905,0.47905,0.47905,0.47905,0.47905,0.47905,0.47905,0.47905,0.47905,0.47905,0.47905,0.47905,0.47905,0.47905,0.47905,0.47905,0.47905,0.47905,0.47905,0.47905,0.47905,0.47905,0.47905,0.47905,0.47905,0.47905,0.47905,0.47905,0.47905,0.47905,0.47905,0.47905,0.47905,0.47905,0.47905,0.47905,0.47905,0.47905,0.47905,0.47905,0.47905,0.47905,0.47905,0.47905,0.47905,0.47905,0.47905,0.47905,0.47905,0.47905
0.4866,0.4866,0.4866,0.4866,0.4866,0.4866,0.4866,0.4866,0.4866,0.4866,0.4866,0.4866,0.4866,0.4866,0.4866,0.4866,0.4866,0.4866,0.4866,0.4866,0.4866,0.4866,0.4866,0.4866,0.4866,0.4866,0.4866,0.4866,0.4866,0.4866,0.4866,0.4866,0.4866,0.4866,0.4866,0.4866,0.4866,0.4866,0.4866,0.4866,0.4866,0.4866,0.4866,0.4866,0.4866,0.4866,0.4866,0.4866,0.4866,0.4866,0.4866,0.4866,0.4866,0.4866,0.4866,0.4866,0.4866,0.4866,0.4866,0.4866,0.4866,0.4866,0.4866,0.4866,0.4866,0.4866,0.4866,0.4866,0.4866,0.4866,0.4866,0.4866,0.4866,0.4866,0.4866,0.4866,0.4866,0.4866,0.4866,0.4866,0.4866,0.4866,0.4866,0.4866,0.4866,0.4866,0.4866,0.4866,0.4866,0.4866,0.4866,0.4866,0.4866,0.4866,0.4866,0.4866,0.4866,0.4866,0.4866,0.4866,0.4866
0.49415,0.49415,0.49415,0.49415,0.49415,0.49415,0.49415,0.49415,0.49415,0.49415,0.49415,0.49415,0.49415,0.49415,0.49415,0.49415,0.49415,0.49415,0.49415,0.49415,0.49415,0.49415,0.49415,0.49415,0.49415,0.49415,0.49415,0.49415,0.49415,0.49415,0.49415,0.49415,0.49415,0.49415,0.49415,0.49415,0.49415,0.49415,0.49415,0.49415,0.49415,0.49415,0.49415,0.49415,0.49415,0.49415,0.49415,0.49415,0.49415,0.49415,0.49415,0.49415,0.49415,0.49415,0.49415,0.49415,0.49415,0.49415,0.49415,0.49415,0.49415,0.49415,0.49415,0.49415,0.49415,0.49415,0.49415,0.49415,0.49415,0.49415,0.49415,0.49415,0.49415,0.49415,0.49415,0.49415,0.49415,0.49415,0.49415,0.49415,0.49415,0.49415,0.49415,0.49415,0.49415,0.49415,0.49415,0.49415,0.49415,0.49415,0.49415,0.49415,0.49415,0.49415,0.49415,0.49415,0.49415,0.49415,0.49415,0.49415,0.49415
0.5017,0.5017,0.5017,0.5017,0.5017,0.5017,0.5017,0.5017,0.5017,0.5017,0.5017,0.5017,0.5017,0.5017,0.5017,0.5017,0.5017,0.5017,0.5017,0.5017,0.5017,0.5017,0.5017,0.5017,0.5017,0.5017,0.5017,0.5017,0.5017,0.5017,0.5017,0.5017,0.5017,0.5017,0.5017,0.5017,0.5017,0.5017,0.5017,0.5017,0.5017,0.5017,0.5017,0.5017,0.5017,0.5017,0.5017,0.5017,0.5017,0.5017,0.5017,0.5017,0.5017,0.5017,0.5017,0.5017,0.5017,0.5017,0.5017,0.5017,0.5017,0.5017,0.5017,0.5017,0.5017,0.5017,0.5017,0.5017,0.5017,0.5017,0.5017,0.5017,0.5017,0.5017,0.5017,0.5017,0.5017,0.5017,0.5017,0.5017,0.5017,0.5017,0.5017,0.5017,0.5017,0.5017,0.5017,0.5017,0.5017,0.5017,0.5017,0.5017,0.5017,0.5017,0.5017,0.5017,0.5017,0.5017,0.5017,0.5017,0.5017
0.50925,0.50925,0.50925,0.50925,0.50925,0.50925,0.50925,0.50925,0.50925,0.50925,0.50925,0.50925,0.50925,0.50925,0.50925,0.50925,0.50925,0.50925,0.50925,0.50925,0.50925,0.50925,0.50925,0.50925,0.50925,0.50925,0.50925,0.50925,0.50925,0.50925,0.50925,0.50925,0.50925,0.50925,0.50925,0.50925,0.50925,0.50925,0.50925,0.50925,0.50925,0.50925,0.50925,0.50925,0.50925,0.50925,0.50925,0.50925,0.50925,0.50925,0.50925,0.50925,0.50925,0.50925,0.50925,0.50925,0.50925,0.50925,0.50925,0.50925,0.50925,0.50925,0.50925,0.50925,0.50925,0.50925,0.50925,0.50925,0.50925,0.50925,0.50925,0.50925,0.50925,0.50925,0.50925,0.50925,0.50925,0.50925,0.50925,0.50925,0.50925,0.50925,0.50925,0.50925,0.50925,0.50925,0.50925,0.50925,0.50925,0.50925,0.50925,0.50925,0.50925,0.50925,0.50925,0.50925,0.50925,0.50925,0.50925,0.50925,0.50925
0.5168,0.5168,0.5168,0.5168,0.5168,0.5168,0.5168,0.5168,0.5168,0.5168,0.5168,0.5168,0.5168,0.5168,0.5168,0.5168,0.5168,0.5168,0.5168,0.5168,0.5168,0.5168,0.5168,0.5168,0.5168,0.5168,0.5168,0.5168,0.5168,0.5168,0.5168,0.5168,0.5168,0.5168,0.5168,0.5168,0.5168,0.5168,0.5168,0.5168,0.5168,0.5168,0.5168,0.5168,0.5168,0.5168,0.5168,0.5168,0.5168,0.5168,0.5168,0.5168,0.5168,0.5168,0.5168,0.5168,0.5168,0.5168,0.5168,0.5168,0.5168,0.5168,0.5168,0.5168,0.5168,0.5168,0.5168,0.5168,0.5168,0.5168,0.5168,0.5168,0.5168,0.5168,0.5168,0.5168,0.5168,0.5168,0.5168,0.5168,0.5168,0.5168,0.5168,0.5168,0.5168,0.5168,0.5168,0.5168,0.5168,0.5168,0.5168,0.5168,0.5168,0.5168,0.5168,0.5168,0.5168,0.5168,0.5168,0.5168,0.5168
0.52435,0.52435,0.52435,0.52435,0.52435,0.52435,0.52435,0.52435,0.52435,0.52435,0.52435,0.52435,0.52435,0.52435,0.52435,0.52435,0.52435,0.52435,0.52435,0.52435,0.52435,0.52435,0.52435,0.52435,0.52435,0.52435,0.52435,0.52435,0.52435,0.52435,0.52435,0.52435,0.52435,0.52435,0.52435,0.52435,0.52435,0.52435,0.52435,0.52435,0.52435,0.52435,0.52435,0.52435,0.52435,0.52435,0.52435,0.52435,0.52435,0.52435,0.52435,0.52435,0.52435,0.52435,0.52435,0.52435,0.52435,0.52435,0.52435,0.52435,0.52435,0.52435,0.52435,0.52435,0.52435,0.52435,0.52435,0.52435,0.52435,0.52435,0.52435,0.52435,0.52435,0.52435,0.52435,0.52435,0.52435,0.52435,0.52435,0.52435,0.52435,0.52435,0.52435,0.52435,0.52435,0.52435,0.52435,0.52435,0.52435,0.52435,0.52435,0.52435,0.52435,0.52435,0.52435,0.52435,0.52435,0.52435,0.52435,0.52435,0.52435
0.5319,0.5319,0.5319,0.5319,0.5319,0.5319,0.5319,0.5319,0.5319,0.5319,0.5319,0.5319,0.5319,0.5319,0.5319,0.5319,0.5319,0.5319,0.5319,0.5319,0.5319,0.5319,0.5319,0.5319,0.5319,0.5319,0.5319,0.5319,0.5319,0.5319,0.5319,0.5319,0.5319,0.5319,0.5319,0.5319,0.5319,0.5319,0.5319,0.5319,0.5319,0.5319,0.5319,0.5319,0.5319,0.5319,0.5319,0.5319,0.5319,0.5319,0.5319,0.5319,0.5319,0.5319,0.5319,0.5319,0.5319,0.5319,0.5319,0.5319,0.5319,0.5319,0.5319,0.5319,0.5319,0.5319,0.5319,0.5319,0.5319,0.5319,0.5319,0.5319,0.5319,0.5319,0.5319,0.5319,0.5319,0.5319,0.5319,0.5319,0.5319,0.5319,0.5319,0.5319,0.5319,0.5319,0.5319,0.5319,0.5319,0.5319,0.5319,0.5319,0.5319,0.5319,0.5319,0.5319,0.5319,0.5319,0.5319,0.5319,0.5319
0.53945,0.53945,0.53945,0.53945,0.53945,0.53945,0.53945,0.53945,0.53945,0.53945,0.53945,0.53945,0.53945,0.53945,0.53945,0.53945,0.53945,0.53945,0.53945,0.53945,0.53945,0.53945,0.53945,0.53945,0.53945,0.53945,0.53945,0.53945,0.53945,0.53945,0.53945,0.53945,0.53945,0.53945,0.53945,0.53945,0.53945,0.53945,0.53945,0.53945,0.53945,0.53945,0.53945,0.53945,0.53945,0.53945,0.53945,0.53945,0.53945,0.53945,0.53945,0.53945,0.53945,0.53945,0.53945,0.53945,0.53945,0.53945,0.53945,0.53945,0.53945,0.53945,0.53945,0.53945,0.53945,0.53945,0.53945,0.53945,0.53945,0.53945,0.53945,0.53945,0.53945,0.53945,0.53945,0.53945,0.53945,0.53945,0.53945,0.53945,0.53945,0.53945,0.53945,0.53945,0.53945,0.53945,0.53945,0.53945,0.53945,0.53945,0.53945,0.53945,0.53945,0.53945,0.53945,0.53945,0.53945,0.53945,0.53945,0.53945,0.53945
0.547,0.547,0.547,0.547,0.547,0.547,0.547,0.547,0.547,0.547,0.547,0.547,0.547,0.547,0.547,0.547,0.547,0.547,0.547,0.547,0.547,0.547,0.547,0.547,0.547,0.547,0.547,0.547,0.547,0.547,0.547,0.547,0.547,0.547,0.547,0.547,0.547,0.547,0.547,0.547,0.547,0.547,0.547,0.547,0.547,0.547,0.547,0.547,0.547,0.547,0.547,0.547,0.547,0.547,0.547,0.547,0.547,0.547,0.547,0.547,0.547,0.547,0.547,0.547,0.547,0.547,0.547,0.547,0.547,0.547,0.547,0.547,0.547,0.547,0.547,0.547,0.547,0.547,0.547,0.547,0.547,0.547,0.547,0.547,0.547,0.547,0.547,0.547,0.547,0.547,0.547,0.547,0.547,0.547,0.547,0.547,0.547,0.547,0.547,0.547,0.547
0.55455,0.55455,0.55455,0.55455,0.55455,0.55455,0.55455,0.55455,0.55455,0.55455,0.55455,0.55455,0.55455,0.55455,0.55455,0.55455,0.55455,0.55455,0.55455,0.55455,0.55455,0.55455,0.55455,0.55455,0.55455,0.55455,0.55455,0.55455,0.55455,0.55455,0.55455,0.55455,0.55455,0.55455,0.55455,0.55455,0.55455,0.55455,0.55455,0.55455,0.55455,0.55455,0.55455,0.55455,0.55455,0.55455,0.55455,0.55455,0.55455,0.55455,0.55455,0.55455,0.55455,0.55455,0.55455,0.55455,0.55455,0.55455,0.55455,0.55455,0.55455,0.55455,0.55455,0.55455,0.55455,0.55455,0.55455,0.55455,0.55455,0.55455,0.55455,0.55455,0.55455,0.55455,0.55455,0.55455,0.55455,0.55455,0.55455,0.55455,0.55455,0.55455,0.55455,0.55455,0.55455,0.55455,0.55455,0.55455,0.55455,0.55455,0.55455,0.55455,0.55455,0.55455,0.55455,0.55455,0.55455,0.55455,0.55455,0.55455,0.55455
0.5621,0.5621,0.5621,0.5621,0.5621,0.5621,0.5621,0.5621,0.5621,0.5621,0.5621,0.5621,0.5621,0.5621,0.5621,0.5621,0.5621,0.5621,0.5621,0.5621,0.5621,0.5621,0.5621,0.5621,0.5621,0.5621,0.5621,0.5621,0.5621,0.5621,0.5621,0.5621,0.5621,0.5621,0.5621,0.5621,0.5621,0.5621,0.5621,0.5621,0.5621,0.5621,0.5621,0.5621,0.5621,0.5621,0.5621,0.5621,0.5621,0.5621,0.5621,0.5621,0.5621,0.5621,0.5621,0.5621,0.5621,0.5621,0.5621,0.5621,0.5621,0.5621,0.5621,0.5621,0.5621,0.5621,0.5621,0.5621,0.5621,0.5621,0.5621,0.5621,0.5621,0.5621,0.5621,0.5621,0.5621,0.5621,0.5621,0.5621,0.5621,0.5621,0.5621,0.5621,0.5621,0.5621,0.5621,0.5621,0.5621,0.5621,0.5621,0.5621,0.5621,0.5621,0.5621,0.5621,0.5621,0.5621,0.5621,0.5621,0.5621
0.56965,0.56965,0.56965,0.56965,0.56965,0.56965,0.56965,0.56965,0.56965,0.56965,0.56965,0.56965,0.56965,0.56965,0.56965,0.56965,0.56965,0.56965,0.56965,0.56965,0.56965,0.56965,0.56965,0.56965,0.56965,0.56965,0.56965,0.56965,0.56965,0.56965,0.56965,0.56965,0.56965,0.56965,0.56965,0.56965,0.56965,0.56965,0.56965,0.56965,0.56965,0.56965,0.56965,0.56965,0.56965,0.56965,0.56965,0.56965,0.56965,0.56965,0.56965,0.56965,0.56965,0.56965,0.56965,0.56965,0.56965,0.56965,0.56965,0.56965,0.56965,0.56965,0.56965,0.56965,0.56965,0.56965,0.56965,0.56965,0.56965,0.56965,0.56965,0.56965,0.56965,0.56965,0.56965,0.56965,0.56965,0.56965,0.56965,0.56965,0.56965,0.56965,0.56965,0.56965,0.56965,0.56965,0.56965,0.56965,0.56965,0.56965,0.56965,0.56965,0.56965,0.56965,0.56965,0.56965,0.56965,0.56965,0.56965,0.56965,0.56965
0.5772,0.5772,0.5772,0.5772,0.5772,0.5772,0.5772,0.5772,0.5772,0.5772,0.5772,0.5772,0.5772,0.5772,0.5772,0.5772,0.5772,0.5772,0.5772,0.5772,0.5772,0.5772,0.5772,0.5772,0.5772,0.5772,0.5772,0.5772,0.5772,0.5772,0.5772,0.5772,0.5772,0.5772,0.5772,0.5772,0.5772,0.5772,0.5772,0.5772,0.5772,0.5772,0.5772,0.5772,0.5772,0.5772,0.5772,0.5772,0.5772,0.5772,0.5772,0.5772,0.5772,0.5772,0.5772,0.5772,0.5772,0.5772,0.5772,0.5772,0.5772,0.5772,0.5772,0.5772,0.5772,0.5772,0.5772,0.5772,0.5772,0.5772,0.5772,0.5772,0.5772,0.5772,0.5772,0.5772,0.5772,0.5772,0.5772,0.5772,0.5772,0.5772,0.5772,0.5772,0.5772,0.5772,0.5772,0.5772,0.5772,0.5772,0.5772,0.5772,0.5772,0.5772,0.5772,0.5772,0.5772,0.5772,0.5772,0.5772,0.5772
0.58475,0.58475,0.58475,0.58475,0.58475,0.58475,0.58475,0.58475,0.58475,0.58475,0.58475,0.58475,0.58475,0.58475,0.58475,0.58475,0.58475,0.58475,0.58475,0.58475,0.58475,0.58475,0.58475,0.58475,0.58475,0.58475,0.58475,0.58475,0.58475,0.58475,0.58475,0.58475,0.58475,0.58475,0.58475,0.58475,0.58475,0.58475,0.58475,0.58475,0.58475,0.58475,0.58475,0.58475,0.58475,0.58475,0.58475,0.58475,0.58475,0.58475,0.58475,0.58475,0.58475,0.58475,0.58475,0.58475,0.58475,0.58475,0.58475,0.58475,0.58475,0.58475,0.58475,0.58475,0.58475,0.58475,0.58475,0.58475,0.58475,0.58475,0.58475,0.58475,0.58475,0.58475,0.58475,0.58475,0.58475,0.58475,0.58475,0.58475,0.58475,0.58475,0.58475,0.58475,0.58475,0.58475,0.58475,0.58475,0.58475,0.58475,0.58475,0.58475,0.58475,0.58475,0.58475,0.58475,0.58475,0.58475,0.58475,0.58475,0.58475
0.5923,0.5923,0.5923,0.5923,0.5923,0.5923,0.5923,0.5923,0.5923,0.5923,0.5923,0.5923,0.5923,0.5923,0.5923,0.5923,0.5923,0.5923,0.5923,0.5923,0.5923,0.5923,0.5923,0.5923,0.5923,0.5923,0.5923,0.5923,0.5923,0.5923,0.5923,0.5923,0.5923,0.5923,0.5923,0.5923,0.5923,0.5923,0.5923,0.5923,0.5923,0.5923,0.5923,0.5923,0.5923,0.5923,0.5923,0.5923,0.5923,0.5923,0.5923,0.5923,0.5923,0.5923,0.5923,0.5923,0.5923,0.5923,0.5923,0.5923,0.5923,0.5923,0.5923,0.5923,0.5923,0.5923,0.5923,0.5923,0.5923,0.5923,0.5923,0.5923,0.5923,0.5923,0.5923,0.5923,0.5923,0.5923,0.5923,0.5923,0.5923,0.5923,0.5923,0.5923,0.5923,0.5923,0.5923,0.5923,0.5923,0.5923,0.5923,0.5923,0.5923,0.5923,0.5923,0.5923,0.5923,0.5923,0.5923,0.5923,0.5923
0.59985,0.59985,0.59985,0.59985,0.59985,0.59985,0.59985,0.59985,0.59985,0.59985,0.59985,0.59985,0.59985,0.59985,0.59985,0.59985,0.59985,0.59985,0.59985,0.59985,0.59985,0.59985,0.59985,0.59985,0.59985,0.59985,0.59985,0.59985,0.59985,0.59985,0.59985,0.59985,0.59985,0.59985,0.59985,0.59985,0.59985,0.59985,0.59985,0.59985,0.59985,0.59985,0.59985,0.59985,0.59985,0.59985,0.59985,0.59985,0.59985,0.59985,0.59985,0.59985,0.59985,0.59985,0.59985,0.59985,0.59985,0.59985,0.59985,0.59985,0.59985,0.59985,0.59985,0.59985,0.59985,0.59985,0.59985,0.59985,0.59985,0.59985,0.59985,0.59985,0.59985,0.59985,0.59985,0.59985,0.59985,0.59985,0.59985,0.59985,0.59985,0.59985,0.59985,0.59985,0.59985,0.59985,0.59985,0.59985,0.59985,0.59985,0.59985,0.59985,0.59985,0.59985,0.59985,0.59985,0.59985,0.59985,0.59985,0.59985,0.59985
0.6074,0.6074,0.6074,0.6074,0.6074,0.6074,0.6074,0.6074,0.6074,0.6074,0.6074,0.6074,0.6074,0.6074,0.6074,0.6074,0.6074,0.6074,0.6074,0.6074,0.6074,0.6074,0.6074,0.6074,0.6074,0.6074,0.6074,0.6074,0.6074,0.6074,0.6074,0.6074,0.6074,0.6074,0.6074,0.6074,0.6074,0.6074,0.6074,0.6074,0.6074,0.6074,0.6074,0.6074,0.6074,0.6074,0.6074,0.6074,0.6074,0.6074,0.6074,0.6074,0.6074,0.6074,0.6074,0.6074,0.6074,0.6074,0.6074,0.6074,0.6074,0.6074,0.6074,0.6074,0.6074,0.6074,0.6074,0.6074,0.6074,0.6074,0.6074,0.6074,0.6074,0.6074,0.6074,0.6074,0.6074,0.6074,0.6074,0.6074,0.6074,0.6074,0.6074,0.6074,0.6074,0.6074,0.6074,0.6074,0.6074,0.6074,0.6074,0.6074,0.6074,0.6074,0.6074,0.6074,0.6074,0.6074,0.6074,0.6074,0.6074
0.61495,0.61495,0.61495,0.61495,0.61495,0.61495,0.61495,0.61495,0.61495,0.61495,0.61495,0.61495,0.61495,0.61495,0.61495,0.61495,0.61495,0.61495,0.61495,0.61495,0.61495,0.61495,0.61495,0.61495,0.61495,0.61495,0.61495,0.61495,0.61495,0.61495,0.61495,0.61495,0.61495,0.61495,0.61495,0.61495,0.61495,0.61495,0.61495,0.61495,0.61495,0.61495,0.61495,0.61495,0.61495,0.61495,0.61495,0.61495,0.61495,0.61495,0.61495,0.61495,0.61495,0.61495,0.61495,0.61495,0.61495,0.61495,0.61495,0.61495,0.61495,0.61495,0.61495,0.61495,0.61495,0.61495,0.61495,0.61495,0.61495,0.61495,0.61495,0.61495,0.61495,0.61495,0.61495,0.61495,0.61495,0.61495,0.61495,0.61495,0.61495,0.61495,0.61495,0.61495,0.61495,0.61495,0.61495,0.61495,0.61495,0.61495,0.61495,0.61495,0.61495,0.61495,0.61495,0.61495,0.61495,0.61495,0.61495,0.61495,0.61495
0.6225,0.6225,0.6225,0.6225,0.6225,0.6225,0.6225,0.6225,0.6225,0.6225,0.6225,0.6225,0.6225,0.6225,0.6225,0.6225,0.6225,0.6225,0.6225,0.6225,0.6225,0.6225,0.6225,0.6225,0.6225,0.6225,0.6225,0.6225,0.6225,0.6225,0.6225,0.6225,0.6225,0.6225,0.6225,0.6225,0.6225,0.6225,0.6225,0.6225,0.6225,0.6225,0.6225,0.6225,0.6225,0.6225,0.6225,0.6225,0.6225,0.6225,0.6225,0.6225,0.6225,0.6225,0.6225,0.6225,0.6225,0.6225,0.6225,0.6225,0.6225,0.6225,0.6225,0.6225,0.6225,0.6225,0.6225,0.6225,0.6225,0.6225,0.6225,0.6225,0.6225,0.6225,0.6225,0.6225,0.6225,0.6225,0.6225,0.6225,0.6225,0.6225,0.6225,0.6225,0.6225,0.6225,0.6225,0.6225,0.6225,0.6225,0.6225,0.6225,0.6225,0.6225,0.6225,0.6225,0.6225,0.6225,0.6225,0.6225,0.6225
0.63005,0.63005,0.63005,0.63005,0.63005,0.63005,0.63005,0.63005,0.63005,0.63005,0.63005,0.63005,0.63005,0.63005,0.63005,0.63005,0.63005,0.63005,0.63005,0.63005,0.63005,0.63005,0.63005,0.63005,0.63005,0.63005,0.63005,0.63005,0.63005,0.63005,0.63005,0.63005,0.63005,0.63005,0.63005,0.63005,0.63005,0.63005,0.63005,0.63005,0.63005,0.63005,0.63005,0.63005,0.63005,0.63005,0.63005,0.63005,0.63005,0.63005,0.63005,0.63005,0.63005,0.63005,0.63005,0.63005,0.63005,0.63005,0.63005,0.63005,0.63005,0.63005,0.63005,0.63005,0.63005,0.63005,0.63005,0.63005,0.63005,0.63005,0.63005,0.63005,0.63005,0.63005,0.63005,0.63005,0.63005,0.63005,0.63005,0.63005,0.63005,0.63005,0.63005,0.63005,0.63005,0.63005,0.63005,0.63005,0.63005,0.63005,0.63005,0.63005,0.63005,0.63005,0.63005,0.63005,0.63005,0.63005,0.63005,0.63005,0.63005
0.6376,0.6376,0.6376,0.6376,0.6376,0.6376,0.6376,0.6376,0.6376,0.6376,0.6376,0.6376,0.6376,0.6376,0.6376,0.6376,0.6376,0.6376,0.6376,0.6376,0.6376,0.6376,0.6376,0.6376,0.6376,0.6376,0.6376,0.6376,0.6376,0.6376,0.6376,0.6376,0.6376,0.6376,0.6376,0.6376,0.6376,0.6376,0.6376,0.6376,0.6376,0.6376,0.6376,0.6376,0.6376,0.6376,0.6376,0.6376,0.6376,0.6376,0.6376,0.6376,0.6376,0.6376,0.6376,0.6376,0.6376,0.6376,0.6376,0.6376,0.6376,0.6376,0.6376,0.6376,0.6376,0.6376,0.6376,0.6376,0.6376,0.6376,0.6376,0.6376,0.6376,0.6376,0.6376,0.6376,0.6376,0.6376,0.6376,0.6376,0.6376,0.6376,0.6376,0.6376,0.6376,0.6376,0.6376,0.6376,0.6376,0.6376,0.6376,0.6376,0.6376,0.6376,0.6376,0.6376,0.6376,0.6376,0.6376,0.6376,0.6376
0.64515,0.64515,0.64515,0.64515,0.64515,0.64515,0.64515,0.64515,0.64515,0.64515,0.64515,0.64515,0.64515,0.64515,0.64515,0.64515,0.64515,0.64515,0.64515,0.64515,0.64515,0.64515,0.64515,0.64515,0.64515,0.64515,0.64515,0.64515,0.64515,0.64515,0.64515,0.64515,0.64515,0.64515,0.64515,0.64515,0.64515,0.64515,0.64515,0.64515,0.64515,0.64515,0.64515,0.64515,0.64515,0.64515,0.64515,0.64515,0.64515,0.64515,0.64515,0.64515,0.64515,0.64515,0.64515,0.64515,0.64515,0.64515,0.64515,0.64515,0.64515,0.64515,0.64515,0.64515,0.64515,0.64515,0.64515,0.64515,0.64515,0.64515,0.64515,0.64515,0.64515,0.64515,0.64515,0.64515,0.64515,0.64515,0.64515,0.64515,0.64515,0.64515,0.64515,0.64515,0.64515,0.64515,0.64515,0.64515,0.64515,0.64515,0.64515,0.64515,0.64515,0.64515,0.64515,0.64515,0.64515,0.64515,0.64515,0.64515,0.64515
0.6527,0.6527,0.6527,0.6527,0.6527,0.6527,0.6527,0.6527,0.6527,0.6527,0.6527,0.6527,0.6527,0.6527,0.6527,0.6527,0.6527,0.6527,0.6527,0.6527,0.6527,0.6527,0.6527,0.6527,0.6527,0.6527,0.6527,0.6527,0.6527,0.6527,0.6527,0.6527,0.6527,0.6527,0.6527,0.6527,0.6527,0.6527,0.6527,0.6527,0.6527,0.6527,0.6527,0.6527,0.6527,0.6527,0.6527,0.6527,0.6527,0.6527,0.6527,0.6527,0.6527,0.6527,0.6527,0.6527,0.6527,0.6527,0.6527,0.6527,0.6527,0.6527,0.6527,0.6527,0.6527,0.6527,0.6527,0.6527,0.6527,0.6527,0.6527,0.6527,0.6527,0.6527,0.6527,0.6527,0.6527,0.6527,0.6527,0.6527,0.6527,0.6527,0.6527,0.6527,0.6527,0.6527,0.6527,0.6527,0.6527,0.6527,0.6527,0.6527,0.6527,0.6527,0.6527,0.6527,0.6527,0.6527,0.6527,0.6527,0.6527
0.66025,0.66025,0.66025,0.66025,0.66025,0.66025,0.66025,0.66025,0.66025,0.66025,0.66025,0.66025,0.66025,0.66025,0.66025,0.66025,0.66025,0.66025,0.66025,0.66025,0.66025,0.66025,0.66025,0.66025,0.66025,0.66025,0.66025,0.66025,0.66025,0.66025,0.66025,0.66025,0.66025,0.66025,0.66025,0.66025,0.66025,0.66025,0.66025,0.66025,0.66025,0.66025,0.66025,0.66025,0.66025,0.66025,0.66025,0.66025,0.66025,0.66025,0.66025,0.66025,0.66025,0.66025,0.66025,0.66025,0.66025,0.66025,0.66025,0.66025,0.66025,0.66025,0.66025,0.66025,0.66025,0.66025,0.66025,0.66025,0.66025,0.66025,0.66025,0.66025,0.66025,0.66025,0.66025,0.66025,0.66025,0.66025,0.66025,0.66025,0.66025,0.66025,0.66025,0.66025,0.66025,0.66025,0.66025,0.66025,0.66025,0.66025,0.66025,0.66025,0.66025,0.66025,0.66025,0.66025,0.66025,0.66025,0.66025,0.66025,0.66025
0.6678,0.6678,0.6678,0.6678,0.6678,0.6678,0.6678,0.6678,0.6678,0.6678,0.6678,0.6678,0.6678,0.6678,0.6678,0.6678,0.6678,0.6678,0.6678,0.6678,0.6678,0.6678,0.6678,0.6678,0.6678,0.6678,0.6678,0.6678,0.6678,0.6678,0.6678,0.6678,0.6678,0.6678,0.6678,0.6678,0.6678,0.6678,0.6678,0.6678,0.6678,0.6678,0.6678,0.6678,0.6678,0.6678,0.6678,0.6678,0.6678,0.6678,0.6678,0.6678,0.6678,0.6678,0.6678,0.6678,0.6678,0.6678,0.6678,0.6678,0.6678,0.6678,0.6678,0.6678,0.6678,0.6678,0.6678,0.6678,0.6678,0.6678,0.6678,0.6678,0.6678,0.6678,0.6678,0.6678,0.6678,0.6678,0.6678,0.6678,0.6678,0.6678,0.6678,0.6678,0.6678,0.6678,0.6678,0.6678,0.6678,0.6678,0.6678,0.6678,0.6678,0.6678,0.6678,0.6678,0.6678,0.6678,0.6678,0.6678,0.6678
0.67535,0.67535,0.67535,0.67535,0.67535,0.67535,0.67535,0.67535,0.67535,0.67535,0.67535,0.67535,0.67535,0.67535,0.67535,0.67535,0.67535,0.67535,0.67535,0.67535,0.67535,0.67535,0.67535,0.67535,0.67535,0.67535,0.67535,0.67535,0.67535,0.67535,0.67535,0.67535,0.67535,0.67535,0.67535,0.67535,0.67535,0.67535,0.67535,0.67535,0.67535,0.67535,0.67535,0.67535,0.67535,0.67535,0.67535,0.67535,0.67535,0.67535,0.67535,0.67535,0.67535,0.67535,0.67535,0.67535,0.67535,0.67535,0.67535,0.67535,0.67535,0.67535,0.67535,0.67535,0.67535,0.67535,0.67535,0.67535,0.67535,0.67535,0.67535,0.67535,0.67535,0.67535,0.67535,0.67535,0.67535,0.67535,0.67535,0.67535,0.67535,0.67535,0.67535,0.67535,0.67535,0.67535,0.67535,0.67535,0.67535,0.67535,0.67535,0.67535,0.67535,0.67535,0.67535,0.67535,0.67535,0.67535,0.67535,0.67535,0.67535
0.6829,0.6829,0.6829,0.6829,0.6829,0.6829,0.6829,0.6829,0.6829,0.6829,0.6829,0.6829,0.6829,0.6829,0.6829,0.6829,0.6829,0.6829,0.6829,0.6829,0.6829,0.6829,0.6829,0.6829,0.6829,0.6829,0.6829,0.6829,0.6829,0.6829,0.6829,0.6829,0.6829,0.6829,0.6829,0.6829,0.6829,0.6829,0.6829,0.6829,0.6829,0.6829,0.6829,0.6829,0.6829,0.6829,0.6829,0.6829,0.6829,0.6829,0.6829,0.6829,0.6829,0.6829,0.6829,0.6829,0.6829,0.6829,0.6829,0.6829,0.6829,0.6829,0.6829,0.6829,0.6829,0.6829,0.6829,0.6829,0.6829,0.6829,0.6829,0.6829,0.6829,0.6829,0.6829,0.6829,0.6829,0.6829,0.6829,0.6829,0.6829,0.6829,0.6829,0.6829,0.6829,0.6829,0.6829,0.6829,0.6829,0.6829,0.6829,0.6829,0.6829,0.6829,0.6829,0.6829,0.6829,0.6829,0.6829,0.6829,0.6829
0.69045,0.69045,0.69045,0.69045,0.69045,0.69045,0.69045,0.69045,0.69045,0.69045,0.69045,0.69045,0.69045,0.69045,0.69045,0.69045,0.69045,0.69045,0.69045,0.69045,0.69045,0.69045,0.69045,0.69045,0.69045,0.69045,0.69045,0.69045,0.69045,0.69045,0.69045,0.69045,0.69045,0.69045,0.69045,0.69045,0.69045,0.69045,0.69045,0.69045,0.69045,0.69045,0.69045,0.69045,0.69045,0.69045,0.69045,0.69045,0.69045,0.69045,0.69045,0.69045,0.69045,0.69045,0.69045,0.69045,0.69045,0.69045,0.69045,0.69045,0.69045,0.69045,0.69045,0.69045,0.69045,0.69045,0.69045,0.69045,0.69045,0.69045,0.69045,0.69045,0.69045,0.69045,0.69045,0.69045,0.69045,0.69045,0.69045,0.69045,0.69045,0.69045,0.69045,0.69045,0.69045,0.69045,0.69045,0.69045,0.69045,0.69045,0.69045,0.69045,0.69045,0.69045,0.69045,0.69045,0.69045,0.69045,0.69045,0.69045,0.69045
0.698,0.698,0.698,0.698,0.698,0.698,0.698,0.698,0.698,0.698,0.698,0.698,0.698,0.698,0.698,0.698,0.698,0.698,0.698,0.698,0.698,0.698,0.698,0.698,0.698,0.698,0.698,0.698,0.698,0.698,0.698,0.698,0.698,0.698,0.698,0.698,0.698,0.698,0.698,0.698,0.698,0.698,0.698,0.698,0.698,0.698,0.698,0.698,0.698,0.698,0.698,0.698,0.698,0.698,0.698,0.698,0.698,0.698,0.698,0.698,0.698,0.698,0.698,0.698,0.698,0.698,0.698,0.698,0.698,0.698,0.698,0.698,0.698,0.698,0.698,0.698,0.698,0.698,0.698,0.698,0.698,0.698,0.698,0.698,0.698,0.698,0.698,0.698,0.698,0.698,0.698,0.698,0.698,0.698,0.698,0.698,0.698,0.698,0.698,0.698,0.698
0.70555,0.70555,0.70555,0.70555,0.70555,0.70555,0.70555,0.70555,0.70555,0.70555,0.70555,0.70555,0.70555,0.70555,0.70555,0.70555,0.70555,0.70555,0.70555,0.70555,0.70555,0.70555,0.70555,0.70555,0.70555,0.70555,0.70555,0.70555,0.70555,0.70555,0.70555,0.70555,0.70555,0.70555,0.70555,0.70555,0.70555,0.70555,0.70555,0.70555,0.70555,0.70555,0.70555,0.70555,0.70555,0.70555,0.70555,0.70555,0.70555,0.70555,0.70555,0.70555,0.70555,0.70555,0.70555,0.70555,0.70555,0.70555,0.70555,0.70555,0.70555,0.70555,0.70555,0.70555,0.70555,0.70555,0.70555,0.70555,0.70555,0.70555,0.70555,0.70555,0.70555,0.70555,0.70555,0.70555,0.70555,0.70555,0.70555,0.70555,0.70555,0.70555,0.70555,0.70555,0.70555,0.70555,0.70555,0.70555,0.70555,0.70555,0.70555,0.70555,0.70555,0.70555,0.70555,0.70555,0.70555,0.70555,0.70555,0.70555,0.70555
0.7131,0.7131,0.7131,0.7131,0.7131,0.7131,0.7131,0.7131,0.7131,0.7131,0.7131,0.7131,0.7131,0.7131,0.7131,0.7131,0.7131,0.7131,0.7131,0.7131,0.7131,0.7131,0.7131,0.7131,0.7131,0.7131,0.7131,0.7131,0.7131,0.7131,0.7131,0.7131,0.7131,0.7131,0.7131,0.7131,0.7131,0.7131,0.7131,0.7131,0.7131,0.7131,0.7131,0.7131,0.7131,0.7131,0.7131,0.7131,0.7131,0.7131,0.7131,0.7131,0.7131,0.7131,0.7131,0.7131,0.7131,0.7131,0.7131,0.7131,0.7131,0.7131,0.7131,0.7131,0.7131,0.7131,0.7131,0.7131,0.7131,0.7131,0.7131,0.7131,0.7131,0.7131,0.7131,0.7131,0.7131,0.7131,0.7131,0.7131,0.7131,0.7131,0.7131,0.7131,0.7131,0.7131,0.7131,0.7131,0.7131,0.7131,0.7131,0.7131,0.7131,0.7131,0.7131,0.7131,0.7131,0.7131,0.7131,0.7131,0.7131
0.72065,0.72065,0.72065,0.72065,0.72065,0.72065,0.72065,0.72065,0.72065,0.72065,0.72065,0.72065,0.72065,0.72065,0.72065,0.72065,0.72065,0.72065,0.72065,0.72065,0.72065,0.72065,0.72065,0.72065,0.72065,0.72065,0.72065,0.72065,0.72065,0.72065,0.72065,0.72065,0.72065,0.72065,0.72065,0.72065,0.72065,0.72065,0.72065,0.72065,0.72065,0.72065,0.72065,0.72065,0.72065,0.72065,0.72065,0.72065,0.72065,0.72065,0.72065,0.72065,0.72065,0.72065,0.72065,0.72065,0.72065,0.72065,0.72065,0.72065,0.72065,0.72065,0.72065,0.72065,0.72065,0.72065,0.72065,0.72065,0.72065,0.72065,0.72065,0.72065,0.72065,0.72065,0.72065,0.72065,0.72065,0.72065,0.72065,0.72065,0.72065,0.72065,0.72065,0.72065,0.72065,0.72065,0.72065,0.72065,0.72065,0.72065,0.72065,0.72065,0.72065,0.72065,0.72065,0.72065,0.72065,0.72065,0.72065,0.72065,0.72065
0.7282,0.7282,0.7282,0.7282,0.7282,0.7282,0.7282,0.7282,0.7282,0.7282,0.7282,0.7282,0.7282,0.7282,0.7282,0.7282,0.7282,0.7282,0.7282,0.7282,0.7282,0.7282,0.7282,0.7282,0.7282,0.7282,0.7282,0.7282,0.7282,0.7282,0.7282,0.7282,0.7282,0.7282,0.7282,0.7282,0.7282,0.7282,0.7282,0.7282,0.7282,0.7282,0.7282,0.7282,0.7282,0.7282,0.7282,0.7282,0.7282,0.7282,0.7282,0.7282,0.7282,0.7282,0.7282,0.7282,0.7282,0.7282,0.7282,0.7282,0.7282,0.7282,0.7282,0.7282,0.7282,0.7282,0.7282,0.7282,0.7282,0.7282,0.7282,0.7282,0.7282,0.7282,0.7282,0.7282,0.7282,0.7282,0.7282,0.7282,0.7282,0.7282,0.7282,0.7282,0.7282,0.7282,0.7282,0.7282,0.7282,0.7282,0.7282,0.7282,0.7282,0.7282,0.7282,0.7282,0.7282,0.7282,0.7282,0.7282,0.7282
0.73575,0.73575,0.73575,0.73575,0.73575,0.73575,0.73575,0.73575,0.73575,0.73575,0.73575,0.73575,0.73575,0.73575,0.73575,0.73575,0.73575,0.73575,0.73575,0.73575,0.73575,0.73575,0.73575,0.73575,0.73575,0.73575,0.73575,0.73575,0.73575,0.73575,0.73575,0.73575,0.73575,0.73575,0.73575,0.73575,0.73575,0.73575,0.73575,0.73575,0.73575,0.73575,0.73575,0.73575,0.73575,0.73575,0.73575,0.73575,0.73575,0.73575,0.73575,0.73575,0.73575,0.73575,0.73575,0.73575,0.73575,0.73575,0.73575,0.73575,0.73575,0.73575,0.73575,0.73575,0.73575,0.73575,0.73575,0.73575,0.73575,0.73575,0.73575,0.73575,0.73575,0.73575,0.73575,0.73575,0.73575,0.73575,0.73575,0.73575,0.73575,0.73575,0.73575,0.73575,0.73575,0.73575,0.73575,0.73575,0.73575,0.73575,0.73575,0.73575,0.73575,0.73575,0.73575,0.73575,0.73575,0.73575,0.73575,0.73575,0.73575
0.7433,0.7433,0.7433,0.7433,0.7433,0.7433,0.7433,0.7433,0.7433,0.7433,0.7433,0.7433,0.7433,0.7433,0.7433,0.7433,0.7433,0.7433,0.7433,0.7433,0.7433,0.7433,0.7433,0.7433,0.7433,0.7433,0.7433,0.7433,0.7433,0.7433,0.7433,0.7433,0.7433,0.7433,0.7433,0.7433,0.7433,0.7433,0.7433,0.7433,0.7433,0.7433,0.7433,0.7433,0.7433,0.7433,0.7433,0.7433,0.7433,0.7433,0.7433,0.7433,0.7433,0.7433,0.7433,0.7433,0.7433,0.7433,0.7433,0.7433,0.7433,0.7433,0.7433,0.7433,0.7433,0.7433,0.7433,0.7433,0.7433,0.7433,0.7433,0.7433,0.7433,0.7433,0.7433,0.7433,0.7433,0.7433,0.7433,0.7433,0.7433,0.7433,0.7433,0.7433,0.7433,0.7433,0.7433,0.7433,0.7433,0.7433,0.7433,0.7433,0.7433,0.7433,0.7433,0.7433,0.7433,0.7433,0.7433,0.7433,0.7433
0.75085,0.75085,0.75085,0.75085,0.75085,0.75085,0.75085,0.75085,0.75085,0.75085,0.75085,0.75085,0.75085,0.75085,0.75085,0.75085,0.75085,0.75085,0.75085,0.75085,0.75085,0.75085,0.75085,0.75085,0.75085,0.75085,0.75085,0.75085,0.75085,0.75085,0.75085,0.75085,0.75085,0.75085,0.75085,0.75085,0.75085,0.75085,0.75085,0.75085,0.75085,0.75085,0.75085,0.75085,0.75085,0.75085,0.75085,0.75085,0.75085,0.75085,0.75085,0.75085,0.75085,0.75085,0.75085,0.75085,0.75085,0.75085,0.75085,0.75085,0.75085,0.75085,0.75085,0.75085,0.75085,0.75085,0.75085,0.75085,0.75085,0.75085,0.75085,0.75085,0.75085,0.75085,0.75085,0.75085,0.75085,0.75085,0.75085,0.75085,0.75085,0.75085,0.75085,0.75085,0.75085,0.75085,0.75085,0.75085,0.75085,0.75085,0.75085,0.75085,0.75085,0.75085,0.75085,0.75085,0.75085,0.75085,0.75085,0.75085,0.75085
0.7584,0.7584,0.7584,0.7584,0.7584,0.7584,0.7584,0.7584,0.7584,0.7584,0.7584,0.7584,0.7584,0.7584,0.7584,0.7584,0.7584,0.7584,0.7584,0.7584,0.7584,0.7584,0.7584,0.7584,0.7584,0.7584,0.7584,0.7584,0.7584,0.7584,0.7584,0.7584,0.7584,0.7584,0.7584,0.7584,0.7584,0.7584,0.7584,0.7584,0.7584,0.7584,0.7584,0.7584,0.7584,0.7584,0.7584,0.7584,0.7584,0.7584,0.7584,0.7584,0.7584,0.7584,0.7584,0.7584,0.7584,0.7584,0.7584,0.7584,0.7584,0.7584,0.7584,0.7584,0.7584,0.7584,0.7584,0.7584,0.7584,0.7584,0.7584,0.7584,0.7584,0.7584,0.7584,0.7584,0.7584,0.7584,0.7584,0.7584,0.7584,0.7584,0.7584,0.7584,0.7584,0.7584,0.7584,0.7584,0.7584,0.7584,0.7584,0.7584,0.7584,0.7584,0.7584,0.7584,0.7584,0.7584,0.7584,0.7584,0.7584
0.76595,0.76595,0.76595,0.76595,0.76595,0.76595,0.76595,0.76595,0.76595,0.76595,0.76595,0.76595,0.76595,0.76595,0.76595,0.76595,0.76595,0.76595,0.76595,0.76595,0.76595,0.76595,0.76595,0.76595,0.76595,0.76595,0.76595,0.76595,0.76595,0.76595,0.76595,0.76595,0.76595,0.76595,0.76595,0.76595,0.76595,0.76595,0.76595,0.76595,0.76595,0.76595,0.76595,0.76595,0.76595,0.76595,0.76595,0.76595,0.76595,0.76595,0.76595,0.76595,0.76595,0.76595,0.76595,0.76595,0.76595,0.76595,0.76595,0.76595,0.76595,0.76595,0.76595,0.76595,0.76595,0.76595,0.76595,0.76595,0.76595,0.76595,0.76595,0.76595,0.76595,0.76595,0.76595,0.76595,0.76595,0.76595,0.76595,0.76595,0.76595,0.76595,0.76595,0.76595,0.76595,0.76595,0.76595,0.76595,0.76595,0.76595,0.76595,0.76595,0.76595,0.76595,0.76595,0.76595,0.76595,0.76595,0.76595,0.76595,0.76595
0.7735,0.7735,0.7735,0.7735,0.7735,0.7735,0.7735,0.7735,0.7735,0.7735,0.7735,0.7735,0.7735,0.7735,0.7735,0.7735,0.7735,0.7735,0.7735,0.7735,0.7735,0.7735,0.7735,0.7735,0.7735,0.7735,0.7735,0.7735,0.7735,0.7735,0.7735,0.7735,0.7735,0.7735,0.7735,0.7735,0.7735,0.7735,0.7735,0.7735,0.7735,0.7735,0.7735,0.7735,0.7735,0.7735,0.7735,0.7735,0.7735,0.7735,0.7735,0.7735,0.7735,0.7735,0.7735,0.7735,0.7735,0.7735,0.7735,0.7735,0.7735,0.7735,0.7735,0.7735,0.7735,0.7735,0.7735,0.7735,0.7735,0.7735,0.7735,0.7735,0.7735,0.7735,0.7735,0.7735,0.7735,0.7735,0.7735,0.7735,0.7735,0.7735,0.7735,0.7735,0.7735,0.7735,0.7735,0.7735,0.7735,0.7735,0.7735,0.7735,0.7735,0.7735,0.7735,0.7735,0.7735,0.7735,0.7735,0.7735,0.7735
0.78105,0.78105,0.78105,0.78105,0.78105,0.78105,0.78105,0.78105,0.78105,0.78105,0.78105,0.78105,0.78105,0.78105,0.78105,0.78105,0.78105,0.78105,0.78105,0.78105,0.78105,0.78105,0.78105,0.78105,0.78105,0.78105,0.78105,0.78105,0.78105,0.78105,0.78105,0.78105,0.78105,0.78105,0.78105,0.78105,0.78105,0.78105,0.78105,0.78105,0.78105,0.78105,0.78105,0.78105,0.78105,0.78105,0.78105,0.78105,0.78105,0.78105,0.78105,0.78105,0.78105,0.78105,0.78105,0.78105,0.78105,0.78105,0.78105,0.78105,0.78105,0.78105,0.78105,0.78105,0.78105,0.78105,0.78105,0.78105,0.78105,0.78105,0.78105,0.78105,0.78105,0.78105,0.78105,0.78105,0.78105,0.78105,0.78105,0.78105,0.78105,0.78105,0.78105,0.78105,0.78105,0.78105,0.78105,0.78105,0.78105,0.78105,0.78105,0.78105,0.78105,0.78105,0.78105,0.78105,0.78105,0.78105,0.78105,0.78105,0.78105
0.7886,0.7886,0.7886,0.7886,0.7886,0.7886,0.7886,0.7886,0.7886,0.7886,0.7886,0.7886,0.7886,0.7886,0.7886,0.7886,0.7886,0.7886,0.7886,0.7886,0.7886,0.7886,0.7886,0.7886,0.7886,0.7886,0.7886,0.7886,0.7886,0.7886,0.7886,0.7886,0.7886,0.7886,0.7886,0.7886,0.7886,0.7886,0.7886,0.7886,0.7886,0.7886,0.7886,0.7886,0.7886,0.7886,0.7886,0.7886,0.7886,0.7886,0.7886,0.7886,0.7886,0.7886,0.7886,0.7886,0.7886,0.7886,0.7886,0.7886,0.7886,0.7886,0.7886,0.7886,0.7886,0.7886,0.7886,0.7886,0.7886,0.7886,0.7886,0.7886,0.7886,0.7886,0.7886,0.7886,0.7886,0.7886,0.7886,0.7886,0.7886,0.7886,0.7886,0.7886,0.7886,0.7886,0.7886,0.7886,0.7886,0.7886,0.7886,0.7886,0.7886,0.7886,0.7886,0.7886,0.7886,0.7886,0.7886,0.7886,0.7886
0.79615,0.79615,0.79615,0.79615,0.79615,0.79615,0.79615,0.79615,0.79615,0.79615,0.79615,0.79615,0.79615,0.79615,0.79615,0.79615,0.79615,0.79615,0.79615,0.79615,0.79615,0.79615,0.79615,0.79615,0.79615,0.79615,0.79615,0.79615,0.79615,0.79615,0.79615,0.79615,0.79615,0.79615,0.79615,0.79615,0.79615,0.79615,0.79615,0.79615,0.79615,0.79615,0.79615,0.79615,0.79615,0.79615,0.79615,0.79615,0.79615,0.79615,0.79615,0.79615,0.79615,0.79615,0.79615,0.79615,0.79615,0.79615,0.79615,0.79615,0.79615,0.79615,0.79615,0.79615,0.79615,0.79615,0.79615,0.79615,0.79615,0.79615,0.79615,0.79615,0.79615,0.79615,0.79615,0.79615,0.79615,0.79615,0.79615,0.79615,0.79615,0.79615,0.79615,0.79615,0.79615,0.79615,0.79615,0.79615,0.79615,0.79615,0.79615,0.79615,0.79615,0.79615,0.79615,0.79615,0.79615,0.79615,0.79615,0.79615,0.79615
0.8037,0.8037,0.8037,0.8037,0.8037,0.8037,0.8037,0.8037,0.8037,0.8037,0.8037,0.8037,0.8037,0.8037,0.8037,0.8037,0.8037,0.8037,0.8037,0.8037,0.8037,0.8037,0.8037,0.8037,0.8037,0.8037,0.8037,0.8037,0.8037,0.8037,0.8037,0.8037,0.8037,0.8037,0.8037,0.8037,0.8037,0.8037,0.8037,0.8037,0.8037,0.8037,0.8037,0.8037,0.8037,0.8037,0.8037,0.8037,0.8037,0.8037,0.8037,0.8037,0.8037,0.8037,0.8037,0.8037,0.8037,0.8037,0.8037,0.8037,0.8037,0.8037,0.8037,0.8037,0.8037,0.8037,0.8037,0.8037,0.8037,0.8037,0.8037,0.8037,0.8037,0.8037,0.8037,0.8037,0.8037,0.8037,0.8037,0.8037,0.8037,0.8037,0.8037,0.8037,0.8037,0.8037,0.8037,0.8037,0.8037,0.8037,0.8037,0.8037,0.8037,0.8037,0.8037,0.8037,0.8037,0.8037,0.8037,0.8037,0.8037
0.81125,0.81125,0.81125,0.81125,0.81125,0.81125,0.81125,0.81125,0.81125,0.81125,0.81125,0.81125,0.81125,0.81125,0.81125,0.81125,0.81125,0.81125,0.81125,0.81125,0.81125,0.81125,0.81125,0.81125,0.81125,0.81125,0.81125,0.81125,0.81125,0.81125,0.81125,0.81125,0.81125,0.81125,0.81125,0.81125,0.81125,0.81125,0.81125,0.81125,0.81125,0.81125,0.81125,0.81125,0.81125,0.81125,0.81125,0.81125,0.81125,0.81125,0.81125,0.81125,0.81125,0.81125,0.81125,0.81125,0.81125,0.81125,0.81125,0.81125,0.81125,0.81125,0.81125,0.81125,0.81125,0.81125,0.81125,0.81125,0.81125,0.81125,0.81125,0.81125,0.81125,0.81125,0.81125,0.81125,0.81125,0.81125,0.81125,0.81125,0.81125,0.81125,0.81125,0.81125,0.81125,0.81125,0.81125,0.81125,0.81125,0.81125,0.81125,0.81125,0.81125,0.81125,0.81125,0.81125,0.81125,0.81125,0.81125,0.81125,0.81125
0.8188,0.8188,0.8188,0.8188,0.8188,0.8188,0.8188,0.8188,0.8188,0.8188,0.8188,0.8188,0.8188,0.8188,0.8188,0.8188,0.8188,0.8188,0.8188,0.8188,0.8188,0.8188,0.8188,0.8188,0.8188,0.8188,0.8188,0.8188,0.8188,0.8188,0.8188,0.8188,0.8188,0.8188,0.8188,0.8188,0.8188,0.8188,0.8188,0.8188,0.8188,0.8188,0.8188,0.8188,0.8188,0.8188,0.8188,0.8188,0.8188,0.8188,0.8188,0.8188,0.8188,0.8188,0.8188,0.8188,0.8188,0.8188,0.8188,0.8188,0.8188,0.8188,0.8188,0.8188,0.8188,0.8188,0.8188,0.8188,0.8188,0.8188,0.8188,0.8188,0.8188,0.8188,0.8188,0.8188,0.8188,0.8188,0.8188,0.8188,0.8188,0.8188,0.8188,0.8188,0.8188,0.8188,0.8188,0.8188,0.8188,0.8188,0.8188,0.8188,0.8188,0.8188,0.8188,0.8188,0.8188,0.8188,0.8188,0.8188,0.8188
0.82635,0.82635,0.82635,0.82635,0.82635,0.82635,0.82635,0.82635,0.82635,0.82635,0.82635,0.82635,0.82635,0.82635,0.82635,0.82635,0.82635,0.82635,0.82635,0.82635,0.82635,0.82635,0.82635,0.82635,0.82635,0.82635,0.82635,0.82635,0.82635,0.82635,0.82635,0.82635,0.82635,0.82635,0.82635,0.82635,0.82635,0.82635,0.82635,0.82635,0.82635,0.82635,0.82635,0.82635,0.82635,0.82635,0.82635,0.82635,0.82635,0.82635,0.82635,0.82635,0.82635,0.82635,0.82635,0.82635,0.82635,0.82635,0.82635,0.82635,0.82635,0.82635,0.82635,0.82635,0.82635,0.82635,0.82635,0.82635,0.82635,0.82635,0.82635,0.82635,0.82635,0.82635,0.82635,0.82635,0.82635,0.82635,0.82635,0.82635,0.82635,0.82635,0.82635,0.82635,0.82635,0.82635,0.82635,0.82635,0.82635,0.82635,0.82635,0.82635,0.82635,0.82635,0.82635,0.82635,0.82635,0.82635,0.82635,0.82635,0.82635
0.8339,0.8339,0.8339,0.8339,0.8339,0.8339,0.8339,0.8339,0.8339,0.8339,0.8339,0.8339,0.8339,0.8339,0.8339,0.8339,0.8339,0.8339,0.8339,0.8339,0.8339,0.8339,0.8339,0.8339,0.8339,0.8339,0.8339,0.8339,0.8339,0.8339,0.8339,0.8339,0.8339,0.8339,0.8339,0.8339,0.8339,0.8339,0.8339,0.8339,0.8339,0.8339,0.8339,0.8339,0.8339,0.8339,0.8339,0.8339,0.8339,0.8339,0.8339,0.8339,0.8339,0.8339,0.8339,0.8339,0.8339,0.8339,0.8339,0.8339,0.8339,0.8339,0.8339,0.8339,0.8339,0.8339,0.8339,0.8339,0.8339,0.8339,0.8339,0.8339,0.8339,0.8339,0.8339,0.8339,0.8339,0.8339,0.8339,0.8339,0.8339,0.8339,0.8339,0.8339,0.8339,0.8339,0.8339,0.8339,0.8339,0.8339,0.8339,0.8339,0.8339,0.8339,0.8339,0.8339,0.8339,0.8339,0.8339,0.8339,0.8339
0.84145,0.84145,0.84145,0.84145,0.84145,0.84145,0.84145,0.84145,0.84145,0.84145,0.84145,0.84145,0.84145,0.84145,0.84145,0.84145,0.84145,0.84145,0.84145,0.84145,0.84145,0.84145,0.84145,0.84145,0.84145,0.84145,0.84145,0.84145,0.84145,0.84145,0.84145,0.84145,0.84145,0.84145,0.84145,0.84145,0.84145,0.84145,0.84145,0.84145,0.84145,0.84145,0.84145,0.84145,0.84145,0.84145,0.84145,0.84145,0.84145,0.84145,0.84145,0.84145,0.84145,0.84145,0.84145,0.84145,0.84145,0.84145,0.84145,0.84145,0.84145,0.84145,0.84145,0.84145,0.84145,0.84145,0.84145,0.84145,0.84145,0.84145,0.84145,0.84145,0.84145,0.84145,0.84145,0.84145,0.84145,0.84145,0.84145,0.84145,0.84145,0.84145,0.84145,0.84145,0.84145,0.84145,0.84145,0.84145,0.84145,0.84145,0.84145,0.84145,0.84145,0.84145,0.84145,0.84145,0.84145,0.84145,0.84145,0.84145,0.84145
0.849,0.849,0.849,0.849,0.849,0.849,0.849,0.849,0.849,0.849,0.849,0.849,0.849,0.849,0.849,0.849,0.849,0.849,0.849,0.849,0.849,0.849,0.849,0.849,0.849,0.849,0.849,0.849,0.849,0.849,0.849,0.849,0.849,0.849,0.849,0.849,0.849,0.849,0.849,0.849,0.849,0.849,0.849,0.849,0.849,0.849,0.849,0.849,0.849,0.849,0.849,0.849,0.849,0.849,0.849,0.849,0.849,0.849,0.849,0.849,0.849,0.849,0.849,0.849,0.849,0.849,0.849,0.849,0.849,0.849,0.849,0.849,0.849,0.849,0.849,0.849,0.849,0.849,0.849,0.849,0.849,0.849,0.849,0.849,0.849,0.849,0.849,0.849,0.849,0.849,0.849,0.849,0.849,0.849,0.849,0.849,0.849,0.849,0.849,0.849,0.849
0.85655,0.85655,0.85655,0.85655,0.85655,0.85655,0.85655,0.85655,0.85655,0.85655,0.85655,0.85655,0.85655,0.85655,0.85655,0.85655,0.85655,0.85655,0.85655,0.85655,0.85655,0.85655,0.85655,0.85655,0.85655,0.85655,0.85655,0.85655,0.85655,0.85655,0.85655,0.85655,0.85655,0.85655,0.85655,0.85655,0.85655,0.85655,0.85655,0.85655,0.85655,0.85655,0.85655,0.85655,0.85655,0.85655,0.85655,0.85655,0.85655,0.85655,0.85655,0.85655,0.85655,0.85655,0.85655,0.85655,0.85655,0.85655,0.85655,0.85655,0.85655,0.85655,0.85655,0.85655,0.85655,0.85655,0.85655,0.85655,0.85655,0.85655,0.85655,0.85655,0.85655,0.85655,0.85655,0.85655,0.85655,0.85655,0.85655,0.85655,0.85655,0.85655,0.85655,0.85655,0.85655,0.85655,0.85655,0.85655,0.85655,0.85655,0.85655,0.85655,0.85655,0.85655,0.85655,0.85655,0.85655,0.85655,0.85655,0.85655,0.85655
0.8641,0.8641,0.8641,0.8641,0.8641,0.8641,0.8641,0.8641,0.8641,0.8641,0.8641,0.8641,0.8641,0.8641,0.8641,0.8641,0.8641,0.8641,0.8641,0.8641,0.8641,0.8641,0.8641,0.8641,0.8641,0.8641,0.8641,0.8641,0.8641,0.8641,0.8641,0.8641,0.8641,0.8641,0.8641,0.8641,0.8641,0.8641,0.8641,0.8641,0.8641,0.8641,0.8641,0.8641,0.8641,0.8641,0.8641,0.8641,0.8641,0.8641,0.8641,0.8641,0.8641,0.8641,0.8641,0.8641,0.8641,0.8641,0.8641,0.8641,0.8641,0.8641,0.8641,0.8641,0.8641,0.8641,0.8641,0.8641,0.8641,0.8641,0.8641,0.8641,0.8641,0.8641,0.8641,0.8641,0.8641,0.8641,0.8641,0.8641,0.8641,0.8641,0.8641,0.8641,0.8641,0.8641,0.8641,0.8641,0.8641,0.8641,0.8641,0.8641,0.8641,0.8641,0.8641,0.8641,0.8641,0.8641,0.8641,0.8641,0.8641
0.87165,0.87165,0.87165,0.87165,0.87165,0.87165,0.87165,0.87165,0.87165,0.87165,0.87165,0.87165,0.87165,0.87165,0.87165,0.87165,0.87165,0.87165,0.87165,0.87165,0.87165,0.87165,0.87165,0.87165,0.87165,0.87165,0.87165,0.87165,0.87165,0.87165,0.87165,0.87165,0.87165,0.87165,0.87165,0.87165,0.87165,0.87165,0.87165,0.87165,0.87165,0.87165,0.87165,0.87165,0.87165,0.87165,0.87165,0.87165,0.87165,0.87165,0.87165,0.87165,0.87165,0.87165,0.87165,0.87165,0.87165,0.87165,0.87165,0.87165,0.87165,0.87165,0.87165,0.87165,0.87165,0.87165,0.87165,0.87165,0.87165,0.87165,0.87165,0.87165,0.87165,0.87165,0.87165,0.87165,0.87165,0.87165,0.87165,0.87165,0.87165,0.87165,0.87165,0.87165,0.87165,0.87165,0.87165,0.87165,0.87165,0.87165,0.87165,0.87165,0.87165,0.87165,0.87165,0.87165,0.87165,0.87165,0.87165,0.87165,0.87165
0.8792,0.8792,0.8792,0.8792,0.8792,0.8792,0.8792,0.8792,0.8792,0.8792,0.8792,0.8792,0.8792,0.8792,0.8792,0.8792,0.8792,0.8792,0.8792,0.8792,0.8792,0.8792,0.8792,0.8792,0.8792,0.8792,0.8792,0.8792,0.8792,0.8792,0.8792,0.8792,0.8792,0.8792,0.8792,0.8792,0.8792,0.8792,0.8792,0.8792,0.8792,0.8792,0.8792,0.8792,0.8792,0.8792,0.8792,0.8792,0.8792,0.8792,0.8792,0.8792,0.8792,0.8792,0.8792,0.8792,0.8792,0.8792,0.8792,0.8792,0.8792,0.8792,0.8792,0.8792,0.8792,0.8792,0.8792,0.8792,0.8792,0.8792,0.8792,0.8792,0.8792,0.8792,0.8792,0.8792,0.8792,0.8792,0.8792,0.8792,0.8792,0.8792,0.8792,0.8792,0.8792,0.8792,0.8792,0.8792,0.8792,0.8792,0.8792,0.8792,0.8792,0.8792,0.8792,0.8792,0.8792,0.8792,0.8792,0.8792,0.8792
0.88675,0.88675,0.88675,0.88675,0.88675,0.88675,0.88675,0.88675,0.88675,0.88675,0.88675,0.88675,0.88675,0.88675,0.88675,0.88675,0.88675,0.88675,0.88675,0.88675,0.88675,0.88675,0.88675,0.88675,0.88675,0.88675,0.88675,0.88675,0.88675,0.88675,0.88675,0.88675,0.88675,0.88675,0.88675,0.88675,0.88675,0.88675,0.88675,0.88675,0.88675,0.88675,0.88675,0.88675,0.88675,0.88675,0.88675,0.88675,0.88675,0.88675,0.88675,0.88675,0.88675,0.88675,0.88675,0.88675,0.88675,0.88675,0.88675,0.88675,0.88675,0.88675,0.88675,0.88675,0.88675,0.88675,0.88675,0.88675,0.88675,0.88675,0.88675,0.88675,0.88675,0.88675,0.88675,0.88675,0.88675,0.88675,0.88675,0.88675,0.88675,0.88675,0.88675,0.88675,0.88675,0.88675,0.88675,0.88675,0.88675,0.88675,0.88675,0.88675,0.88675,0.88675,0.88675,0.88675,0.88675,0.88675,0.88675,0.88675,0.88675
0.8943,0.8943,0.8943,0.8943,0.8943,0.8943,0.8943,0.8943,0.8943,0.8943,0.8943,0.8943,0.8943,0.8943,0.8943,0.8943,0.8943,0.8943,0.8943,0.8943,0.8943,0.8943,0.8943,0.8943,0.8943,0.8943,0.8943,0.8943,0.8943,0.8943,0.8943,0.8943,0.8943,0.8943,0.8943,0.8943,0.8943,0.8943,0.8943,0.8943,0.8943,0.8943,0.8943,0.8943,0.8943,0.8943,0.8943,0.8943,0.8943,0.8943,0.8943,0.8943,0.8943,0.8943,0.8943,0.8943,0.8943,0.8943,0.8943,0.8943,0.8943,0.8943,0.8943,0.8943,0.8943,0.8943,0.8943,0.8943,0.8943,0.8943,0.8943,0.8943,0.8943,0.8943,0.8943,0.8943,0.8943,0.8943,0.8943,0.8943,0.8943,0.8943,0.8943,0.8943,0.8943,0.8943,0.8943,0.8943,0.8943,0.8943,0.8943,0.8943,0.8943,0.8943,0.8943,0.8943,0.8943,0.8943,0.8943,0.8943,0.8943
0.90185,0.90185,0.90185,0.90185,0.90185,0.90185,0.90185,0.90185,0.90185,0.90185,0.90185,0.90185,0.90185,0.90185,0.90185,0.90185,0.90185,0.90185,0.90185,0.90185,0.90185,0.90185,0.90185,0.90185,0.90185,0.90185,0.90185,0.90185,0.90185,0.90185,0.90185,0.90185,0.90185,0.90185,0.90185,0.90185,0.90185,0.90185,0.90185,0.90185,0.90185,0.90185,0.90185,0.90185,0.90185,0.90185,0.90185,0.90185,0.90185,0.90185,0.90185,0.90185,0.90185,0.90185,0.90185,0.90185,0.90185,0.90185,0.90185,0.90185,0.90185,0.90185,0.90185,0.90185,0.90185,0.90185,0.90185,0.90185,0.90185,0.90185,0.90185,0.90185,0.90185,0.90185,0.90185,0.90185,0.90185,0.90185,0.90185,0.90185,0.90185,0.90185,0.90185,0.90185,0.90185,0.90185,0.90185,0.90185,0.90185,0.90185,0.90185,0.90185,0.90185,0.90185,0.90185,0.90185,0.90185,0.90185,0.90185,0.90185,0.90185
0.9094,0.9094,0.9094,0.9094,0.9094,0.9094,0.9094,0.9094,0.9094,0.9094,0.9094,0.9094,0.9094,0.9094,0.9094,0.9094,0.9094,0.9094,0.9094,0.9094,0.9094,0.9094,0.9094,0.9094,0.9094,0.9094,0.9094,0.9094,0.9094,0.9094,0.9094,0.9094,0.9094,0.9094,0.9094,0.9094,0.9094,0.9094,0.9094,0.9094,0.9094,0.9094,0.9094,0.9094,0.9094,0.9094,0.9094,0.9094,0.9094,0.9094,0.9094,0.9094,0.9094,0.9094,0.9094,0.9094,0.9094,0.9094,0.9094,0.9094,0.9094,0.9094,0.9094,0.9094,0.9094,0.9094,0.9094,0.9094,0.9094,0.9094,0.9094,0.9094,0.9094,0.9094,0.9094,0.9094,0.9094,0.9094,0.9094,0.9094,0.9094,0.9094,0.9094,0.9094,0.9094,0.9094,0.9094,0.9094,0.9094,0.9094,0.9094,0.9094,0.9094,0.9094,0.9094,0.9094,0.9094,0.9094,0.9094,0.9094,0.9094
0.91695,0.91695,0.91695,0.91695,0.91695,0.91695,0.91695,0.91695,0.91695,0.91695,0.91695,0.91695,0.91695,0.91695,0.91695,0.91695,0.91695,0.91695,0.91695,0.91695,0.91695,0.91695,0.91695,0.91695,0.91695,0.91695,0.91695,0.91695,0.91695,0.91695,0.91695,0.91695,0.91695,0.91695,0.91695,0.91695,0.91695,0.91695,0.91695,0.91695,0.91695,0.91695,0.91695,0.91695,0.91695,0.91695,0.91695,0.91695,0.91695,0.91695,0.91695,0.91695,0.91695,0.91695,0.91695,0.91695,0.91695,0.91695,0.91695,0.91695,0.91695,0.91695,0.91695,0.91695,0.91695,0.91695,0.91695,0.91695,0.91695,0.91695,0.91695,0.91695,0.91695,0.91695,0.91695,0.91695,0.91695,0.91695,0.91695,0.91695,0.91695,0.91695,0.91695,0.91695,0.91695,0.91695,0.91695,0.91695,0.91695,0.91695,0.91695,0.91695,0.91695,0.91695,0.91695,0.91695,0.91695,0.91695,0.91695,0.91695,0.91695
0.9245,0.9245,0.9245,0.9245,0.9245,0.9245,0.9245,0.9245,0.9245,0.9245,0.9245,0.9245,0.9245,0.9245,0.9245,0.9245,0.9245,0.9245,0.9245,0.9245,0.9245,0.9245,0.9245,0.9245,0.9245,0.9245,0.9245,0.9245,0.9245,0.9245,0.9245,0.9245,0.9245,0.9245,0.9245,0.9245,0.9245,0.9245,0.9245,0.9245,0.9245,0.9245,0.9245,0.9245,0.9245,0.9245,0.9245,0.9245,0.9245,0.9245,0.9245,0.9245,0.9245,0.9245,0.9245,0.9245,0.9245,0.9245,0.9245,0.9245,0.9245,0.9245,0.9245,0.9245,0.9245,0.9245,0.9245,0.9245,0.9245,0.9245,0.9245,0.9245,0.9245,0.9245,0.9245,0.9245,0.9245,0.9245,0.9245,0.9245,0.9245,0.9245,0.9245,0.9245,0.9245,0.9245,0.9245,0.9245,0.9245,0.9245,0.9245,0.9245,0.9245,0.9245,0.9245,0.9245,0.9245,0.9245,0.9245,0.9245,0.9245
0.93205,0.93205,0.93205,0.93205,0.93205,0.93205,0.93205,0.93205,0.93205,0.93205,0.93205,0.93205,0.93205,0.93205,0.93205,0.93205,0.93205,0.93205,0.93205,0.93205,0.93205,0.93205,0.93205,0.93205,0.93205,0.93205,0.93205,0.93205,0.93205,0.93205,0.93205,0.93205,0.93205,0.93205,0.93205,0.93205,0.93205,0.93205,0.93205,0.93205,0.93205,0.93205,0.93205,0.93205,0.93205,0.93205,0.93205,0.93205,0.93205,0.93205,0.93205,0.93205,0.93205,0.93205,0.93205,0.93205,0.93205,0.93205,0.93205,0.93205,0.93205,0.93205,0.93205,0.93205,0.93205,0.93205,0.93205,0.93205,0.93205,0.93205,0.93205,0.93205,0.93205,0.93205,0.93205,0.93205,0.93205,0.93205,0.93205,0.93205,0.93205,0.93205,0.93205,0.93205,0.93205,0.93205,0.93205,0.93205,0.93205,0.93205,0.93205,0.93205,0.93205,0.93205,0.93205,0.93205,0.93205,0.93205,0.93205,0.93205,0.93205
0.9396,0.9396,0.9396,0.9396,0.9396,0.9396,0.9396,0.9396,0.9396,0.9396,0.9396,0.9396,0.9396,0.9396,0.9396,0.9396,0.9396,0.9396,0.9396,0.9396,0.9396,0.9396,0.9396,0.9396,0.9396,0.9396,0.9396,0.9396,0.9396,0.9396,0.9396,0.9396,0.9396,0.9396,0.9396,0.9396,0.9396,0.9396,0.9396,0.9396,0.9396,0.9396,0.9396,0.9396,0.9396,0.9396,0.9396,0.9396,0.9396,0.9396,0.9396,0.9396,0.9396,0.9396,0.9396,0.9396,0.9396,0.9396,0.9396,0.9396,0.9396,0.9396,0.9396,0.9396,0.9396,0.9396,0.9396,0.9396,0.9396,0.9396,0.9396,0.9396,0.9396,0.9396,0.9396,0.9396,0.9396,0.9396,0.9396,0.9396,0.9396,0.9396,0.9396,0.9396,0.9396,0.9396,0.9396,0.9396,0.9396,0.9396,0.9396,0.9396,0.9396,0.9396,0.9396,0.9396,0.9396,0.9396,0.9396,0.9396,0.9396
0.94715,0.94715,0.94715,0.94715,0.94715,0.94715,0.94715,0.94715,0.94715,0.94715,0.94715,0.94715,0.94715,0.94715,0.94715,0.94715,0.94715,0.94715,0.94715,0.94715,0.94715,0.94715,0.94715,0.94715,0.94715,0.94715,0.94715,0.94715,0.94715,0.94715,0.94715,0.94715,0.94715,0.94715,0.94715,0.94715,0.94715,0.94715,0.94715,0.94715,0.94715,0.94715,0.94715,0.94715,0.94715,0.94715,0.94715,0.94715,0.94715,0.94715,0.94715,0.94715,0.94715,0.94715,0.94715,0.94715,0.94715,0.94715,0.94715,0.94715,0.94715,0.94715,0.94715,0.94715,0.94715,0.94715,0.94715,0.94715,0.94715,0.94715,0.94715,0.94715,0.94715,0.94715,0.94715,0.94715,0.94715,0.94715,0.94715,0.94715,0.94715,0.94715,0.94715,0.94715,0.94715,0.94715,0.94715,0.94715,0.94715,0.94715,0.94715,0.94715,0.94715,0.94715,0.94715,0.94715,0.94715,0.94715,0.94715,0.94715,0.94715
0.9547,0.9547,0.9547,0.9547,0.9547,0.9547,0.9547,0.9547,0.9547,0.9547,0.9547,0.9547,0.9547,0.9547,0.9547,0.9547,0.9547,0.9547,0.9547,0.9547,0.9547,0.9547,0.9547,0.9547,0.9547,0.9547,0.9547,0.9547,0.9547,0.9547,0.9547,0.9547,0.9547,0.9547,0.9547,0.9547,0.9547,0.9547,0.9547,0.9547,0.9547,0.9547,0.9547,0.9547,0.9547,0.9547,0.9547,0.9547,0.9547,0.9547,0.9547,0.9547,0.9547,0.9547,0.9547,0.9547,0.9547,0.9547,0.9547,0.9547,0.9547,0.9547,0.9547,0.9547,0.9547,0.9547,0.9547,0.9547,0.9547,0.9547,0.9547,0.9547,0.9547,0.9547,0.9547,0.9547,0.9547,0.9547,0.9547,0.9547,0.9547,0.9547,0.9547,0.9547,0.9547,0.9547,0.9547,0.9547,0.9547,0.9547,0.9547,0.9547,0.9547,0.9547,0.9547,0.9547,0.9547,0.9547,0.9547,0.9547,0.9547
0.96225,0.96225,0.96225,0.96225,0.96225,0.96225,0.96225,0.96225,0.96225,0.96225,0.96225,0.96225,0.96225,0.96225,0.96225,0.96225,0.96225,0.96225,0.96225,0.96225,0.96225,0.96225,0.96225,0.96225,0.96225,0.96225,0.96225,0.96225,0.96225,0.96225,0.96225,0.96225,0.96225,0.96225,0.96225,0.96225,0.96225,0.96225,0.96225,0.96225,0.96225,0.96225,0.96225,0.96225,0.96225,0.96225,0.96225,0.96225,0.96225,0.96225,0.96225,0.96225,0.96225,0.96225,0.96225,0.96225,0.96225,0.96225,0.96225,0.96225,0.96225,0.96225,0.96225,0.96225,0.96225,0.96225,0.96225,0.96225,0.96225,0.96225,0.96225,0.96225,0.96225,0.96225,0.96225,0.96225,0.96225,0.96225,0.96225,0.96225,0.96225,0.96225,0.96225,0.96225,0.96225,0.96225,0.96225,0.96225,0.96225,0.96225,0.96225,0.96225,0.96225,0.96225,0.96225,0.96225,0.96225,0.96225,0.96225,0.96225,0.96225
0.9698,0.9698,0.9698,0.9698,0.9698,0.9698,0.9698,0.9698,0.9698,0.9698,0.9698,0.9698,0.9698,0.9698,0.9698,0.9698,0.9698,0.9698,0.9698,0.9698,0.9698,0.9698,0.9698,0.9698,0.9698,0.9698,0.9698,0.9698,0.9698,0.9698,0.9698,0.9698,0.9698,0.9698,0.9698,0.9698,0.9698,0.9698,0.9698,0.9698,0.9698,0.9698,0.9698,0.9698,0.9698,0.9698,0.9698,0.9698,0.9698,0.9698,0.9698,0.9698,0.9698,0.9698,0.9698,0.9698,0.9698,0.9698,0.9698,0.9698,0.9698,0.9698,0.9698,0.9698,0.9698,0.9698,0.9698,0.9698,0.9698,0.9698,0.9698,0.9698,0.9698,0.9698,0.9698,0.9698,0.9698,0.9698,0.9698,0.9698,0.9698,0.9698,0.9698,0.9698,0.9698,0.9698,0.9698,0.9698,0.9698,0.9698,0.9698,0.9698,0.9698,0.9698,0.9698,0.9698,0.9698,0.9698,0.9698,0.9698,0.9698
0.97735,0.97735,0.97735,0.97735,0.97735,0.97735,0.97735,0.97735,0.97735,0.97735,0.97735,0.97735,0.97735,0.97735,0.97735,0.97735,0.97735,0.97735,0.97735,0.97735,0.97735,0.97735,0.97735,0.97735,0.97735,0.97735,0.97735,0.97735,0.97735,0.97735,0.97735,0.97735,0.97735,0.97735,0.97735,0.97735,0.97735,0.97735,0.97735,0.97735,0.97735,0.97735,0.97735,0.97735,0.97735,0.97735,0.97735,0.97735,0.97735,0.97735,0.97735,0.97735,0.97735,0.97735,0.97735,0.97735,0.97735,0.97735,0.97735,0.97735,0.97735,0.97735,0.97735,0.97735,0.97735,0.97735,0.97735,0.97735,0.97735,0.97735,0.97735,0.97735,0.97735,0.97735,0.97735,0.97735,0.97735,0.97735,0.97735,0.97735,0.97735,0.97735,0.97735,0.97735,0.97735,0.97735,0.97735,0.97735,0.97735,0.97735,0.97735,0.97735,0.97735,0.97735,0.97735,0.97735,0.97735,0.97735,0.97735,0.97735,0.97735
0.9849,0.9849,0.9849,0.9849,0.9849,0.9849,0.9849,0.9849,0.9849,0.9849,0.9849,0.9849,0.9849,0.9849,0.9849,0.9849,0.9849,0.9849,0.9849,0.9849,0.9849,0.9849,0.9849,0.9849,0.9849,0.9849,0.9849,0.9849,0.9849,0.9849,0.9849,0.9849,0.9849,0.9849,0.9849,0.9849,0.9849,0.9849,0.9849,0.9849,0.9849,0.9849,0.9849,0.9849,0.9849,0.9849,0.9849,0.9849,0.9849,0.9849,0.9849,0.9849,0.9849,0.9849,0.9849,0.9849,0.9849,0.9849,0.9849,0.9849,0.9849,0.9849,0.9849,0.9849,0.9849,0.9849,0.9849,0.9849,0.9849,0.9849,0.9849,0.9849,0.9849,0.9849,0.9849,0.9849,0.9849,0.9849,0.9849,0.9849,0.9849,0.9849,0.9849,0.9849,0.9849,0.9849,0.9849,0.9849,0.9849,0.9849,0.9849,0.9849,0.9849,0.9849,0.9849,0.9849,0.9849,0.9849,0.9849,0.9849,0.9849
0.99245,0.99245,0.99245,0.99245,0.99245,0.99245,0.99245,0.99245,0.99245,0.99245,0.99245,0.99245,0.99245,0.99245,0.99245,0.99245,0.99245,0.99245,0.99245,0.99245,0.99245,0.99245,0.99245,0.99245,0.99245,0.99245,0.99245,0.99245,0.99245,0.99245,0.99245,0.99245,0.99245,0.99245,0.99245,0.99245,0.99245,0.99245,0.99245,0.99245,0.99245,0.99245,0.99245,0.99245,0.99245,0.99245,0.99245,0.99245,0.99245,0.99245,0.99245,0.99245,0.99245,0.99245,0.99245,0.99245,0.99245,0.99245,0.99245,0.99245,0.99245,0.99245,0.99245,0.99245,0.99245,0.99245,0.99245,0.99245,0.99245,0.99245,0.99245,0.99245,0.99245,0.99245,0.99245,0.99245,0.99245,0.99245,0.99245,0.99245,0.99245,0.99245,0.99245,0.99245,0.99245,0.99245,0.99245,0.99245,0.99245,0.99245,0.99245,0.99245,0.99245,0.99245,0.99245,0.99245,0.99245,0.99245,0.99245,0.99245,0.99245
1,1,1,1,1,1,1,1,1,1,1,1,1,1,1,1,1,1,1,1,1,1,1,1,1,1,1,1,1,1,1,1,1,1,1,1,1,1,1,1,1,1,1,1,1,1,1,1,1,1,1,1,1,1,1,1,1,1,1,1,1,1,1,1,1,1,1,1,1,1,1,1,1,1,1,1,1,1,1,1,1,1,1,1,1,1,1,1,1,1,1,1,1,1,1,1,1,1,1,1,1
